<?xml version='1.0' encoding='UTF-8'?>
<!--
   Source http://inspire.jrc.ec.europa.eu/documents/Data_Specifications/INSPIRE_DataSpecification_EL_v3.0.pdf

   XML is invalid against StyledLayerDescriptor.xsd! 
   Element '{http://www.opengis.net/ogc}Filter': This element is not expected. Expected is one of ( {http://www.opengis.net/se}Symbolizer, {http://www.opengis.net/se}LineSymbolizer, {http://www.opengis.net/se}PolygonSymbolizer, {http://www.opengis.net/se}PointSymbolizer, {http://www.opengis.net/se}TextSymbolizer, {http://www.opengis.net/se}RasterSymbolizer )., line 19 

   http://github.com/JuergenWeichand/inspire-styles (2016-09-18 12:48:25)
-->
<sld:StyledLayerDescriptor xmlns:sld="http://www.opengis.net/sld" xmlns:ogc="http://www.opengis.net/ogc" xmlns:se="http://www.opengis.net/se" xmlns:xlink="http://www.w3.org/1999/xlink" xmlns:xsi="http://www.w3.org/2001/XMLSchema-instance" version="1.1.0" xsi:schemaLocation="http://www.opengis.net/sld http://schemas.opengis.net/sld/1.1.0/StyledLayerDescriptor.xsd">
  <sld:NamedLayer>
    <se:Name>EL.ContourLine</se:Name>
    <sld:UserStyle>
      <se:Name>EL.ContourLine.Default</se:Name>
      <sld:IsDefault>1</sld:IsDefault>
      <se:FeatureTypeStyle version="1.1.0" xmlns:el="http://inspire.ec.europa.eu/schemas/el/4.0">
        <se:Description>
          <se:Title>Contour Line Default Style</se:Title>
          <se:Abstract>ContourLine is rendered depending on the type of elevation property represented: a ContourLine representing the ’height’ property (a Land Contour Line) is a brown(#A47916) 1 pixel circle of size 10. A ContourLine representing the ’depth’ property (a Bathymetric Contour Line) is a blue(#0A93FC) 1 pixel circle of size 10. Auxiliary Contour Line is a brown (#734C00) 6 to 2 dashed 1 pixel width line. Master Contour Line is a brown (#A47916) 2 pixels width line. Ordinary Contour Line is a brown (#734C00) 2 pixels width line.</se:Abstract>
        </se:Description>
        <se:FeatureTypeName>el:ContourLine</se:FeatureTypeName>
        
        <se:Rule>
        <se:Description>
          <se:Title>land contour line</se:Title>
        </se:Description>
          <ogc:Filter>
            <ogc:And>
              <!-- Land Contour Lines  -->
              <ogc:PropertyIsEqualTo>
                <ogc:PropertyName>el:contourLineType</ogc:PropertyName>
                <ogc:Literal>LandContourLine</ogc:Literal>
              </ogc:PropertyIsEqualTo>
              <ogc:PropertyIsEqualTo>
                <ogc:PropertyName>el:propertyType</ogc:PropertyName>
                <ogc:Literal>height</ogc:Literal>
              </ogc:PropertyIsEqualTo>
            </ogc:And>
          </ogc:Filter>
          <se:MinScaleDenominator>1</se:MinScaleDenominator>
          <se:MaxScaleDenominator>1000000</se:MaxScaleDenominator>
          <se:LineSymbolizer>
            <se:Geometry>
              <ogc:PropertyName>el:circle</ogc:PropertyName>
            </se:Geometry>
            <se:Stroke>
              <se:SvgParameter name="stroke">#A47916</se:SvgParameter>
              <se:SvgParameter name="stroke-width">1</se:SvgParameter>
              <se:SvgParameter name="stroke-dasharray">1 10</se:SvgParameter>
            </se:Stroke>
          </se:LineSymbolizer>
        </se:Rule>
        
        <se:Rule>
        <se:Description>
          <se:Title>bathymetric contour line</se:Title>
        </se:Description>
          <!-- Bathymetric Contour Lines  -->
          <se:MinScaleDenominator>1</se:MinScaleDenominator>
          <se:MaxScaleDenominator>1000000</se:MaxScaleDenominator>
          <ogc:Filter>
              <!-- Land Contour Lines  -->
              <ogc:PropertyIsEqualTo>
                <ogc:PropertyName>el:contourLineType</ogc:PropertyName>
                <ogc:Literal>BathymetricContourLine</ogc:Literal>
              </ogc:PropertyIsEqualTo>
          </ogc:Filter>
          <se:LineSymbolizer>
            <se:Geometry>
              <ogc:PropertyName>el:circle</ogc:PropertyName>
            </se:Geometry>
            <se:Stroke>
              <se:SvgParameter name="stroke">#0A93FC</se:SvgParameter>
              <se:SvgParameter name="stroke-width">1</se:SvgParameter>
              <se:SvgParameter name="stroke-dasharray">1 10</se:SvgParameter>
            </se:Stroke>
          </se:LineSymbolizer>
        </se:Rule>
        
        <se:Rule>
        <se:Description>
          <se:Title>auxiliary contour line</se:Title>
        </se:Description>
          <ogc:Filter>
            <!-- Auxiliary Contour Lines  -->
            <ogc:PropertyIsEqualTo>
              <ogc:PropertyName>el:contourLineType</ogc:PropertyName>
              <ogc:Literal>auxiliary</ogc:Literal>
            </ogc:PropertyIsEqualTo>
          </ogc:Filter>
          <se:MinScaleDenominator>1</se:MinScaleDenominator>
          <se:MaxScaleDenominator>1000000</se:MaxScaleDenominator>
          <se:LineSymbolizer>
            <se:Geometry>
              <ogc:PropertyName>el:geometry</ogc:PropertyName>
            </se:Geometry>
            <se:Stroke>
              <se:SvgParameter name="stroke">#734C00</se:SvgParameter>
              <se:SvgParameter name="stroke-width">1</se:SvgParameter>
              <se:SvgParameter name="stroke-dasharray">6 2</se:SvgParameter>
            </se:Stroke>
          </se:LineSymbolizer>
        </se:Rule>
        
        <se:Rule>
        <se:Description>
          <se:Title>master contour line</se:Title>
        </se:Description>
          <ogc:Filter>
            <!-- Master Contour Lines  -->
            <ogc:PropertyIsEqualTo>
              <ogc:PropertyName>el:contourLineType</ogc:PropertyName>
              <ogc:Literal>master</ogc:Literal>
            </ogc:PropertyIsEqualTo>
          </ogc:Filter>
          <se:MinScaleDenominator>1</se:MinScaleDenominator>
          <se:MaxScaleDenominator>1000000</se:MaxScaleDenominator>
          <se:LineSymbolizer>
            <se:Geometry>
              <ogc:PropertyName>el:geometry</ogc:PropertyName>
            </se:Geometry>
            <se:Stroke>
              <se:SvgParameter name="stroke">#A47916</se:SvgParameter>
              <se:SvgParameter name="stroke-width">2</se:SvgParameter>
            </se:Stroke>
          </se:LineSymbolizer>
        </se:Rule>
        
        <se:Rule>
        <se:Description>
          <se:Title>ordinary contour line</se:Title>
        </se:Description>
          <ogc:Filter>
            <!-- Ordinary Contour Lines  -->
            <ogc:PropertyIsEqualTo>
              <ogc:PropertyName>el:contourLineType</ogc:PropertyName>
              <ogc:Literal>ordinary</ogc:Literal>
            </ogc:PropertyIsEqualTo>
          </ogc:Filter>
          <se:MinScaleDenominator>1</se:MinScaleDenominator>
          <se:MaxScaleDenominator>1000000</se:MaxScaleDenominator>         
          <se:LineSymbolizer>
            <se:Geometry>
              <ogc:PropertyName>el:geometry</ogc:PropertyName>
            </se:Geometry>
            <se:Stroke>
              <se:SvgParameter name="stroke">#734C00</se:SvgParameter>
              <se:SvgParameter name="stroke-width">2</se:SvgParameter>
            </se:Stroke>
          </se:LineSymbolizer>
        </se:Rule>
        
      </se:FeatureTypeStyle>
    </sld:UserStyle>
  </sld:NamedLayer>
</sld:StyledLayerDescriptor>