<?xml version='1.0' encoding='UTF-8'?>
<!--
   Source http://inspire.jrc.ec.europa.eu/documents/Data_Specifications/INSPIRE_DataSpecification_EL_v3.0.pdf

   XML is valid against StyledLayerDescriptor.xsd! 

   http://github.com/JuergenWeichand/inspire-styles (2016-09-18 12:48:25)
-->
<sld:StyledLayerDescriptor xmlns:sld="http://www.opengis.net/sld" xmlns:ogc="http://www.opengis.net/ogc" xmlns:se="http://www.opengis.net/se" xmlns:xlink="http://www.w3.org/1999/xlink" xmlns:xsi="http://www.w3.org/2001/XMLSchema-instance" version="1.1.0" xsi:schemaLocation="http://www.opengis.net/sld http://schemas.opengis.net/sld/1.1.0/StyledLayerDescriptor.xsd">
  <sld:NamedLayer>
    <se:Name>EL.VoidArea</se:Name>
    <sld:UserStyle>
      <se:Name>EL.VoidArea.Default</se:Name>
      <sld:IsDefault>1</sld:IsDefault>
      <se:FeatureTypeStyle version="1.1.0" xmlns:el="http://inspire.ec.europa.eu/schemas/el/4.0">
        <se:Description>
          <se:Title>Void Area Default Style</se:Title>
          <se:Abstract>Void Area is a black (#000000) non-filled polygon with 1 pixel width outline.</se:Abstract>
        </se:Description>
        <se:FeatureTypeName>el:VoidArea</se:FeatureTypeName>
        <se:Rule>
        <se:Description>
          <se:Title>void area</se:Title>
        </se:Description>
          <se:MinScaleDenominator>1</se:MinScaleDenominator>
          <se:MaxScaleDenominator>500000</se:MaxScaleDenominator>
          <se:PolygonSymbolizer>
            <se:Geometry>
              <ogc:PropertyName>el:geometry</ogc:PropertyName>
            </se:Geometry>
            <se:Stroke>
              <se:SvgParameter name="stroke">#000000</se:SvgParameter>
              <se:SvgParameter name="stroke-width">1</se:SvgParameter>
            </se:Stroke>
          </se:PolygonSymbolizer>
        </se:Rule>
      </se:FeatureTypeStyle>
    </sld:UserStyle>
  </sld:NamedLayer>
</sld:StyledLayerDescriptor>
