<?xml version='1.0' encoding='UTF-8'?>
<!-- FBurkamp: Kontent und Abstract der SLD nach GE-Specification ergänzt.

Der Wert "unconfined" weißt keine Symbologie auf. Daher wurde an dieser Stelle ein weißes Polygon eingefügt. (2017-08-10 14:00) -->
<sld:StyledLayerDescriptor xmlns:sld="http://www.opengis.net/sld" xmlns:ogc="http://www.opengis.net/ogc" xmlns:se="http://www.opengis.net/se" xmlns:xlink="http://www.w3.org/1999/xlink" xmlns:xsi="http://www.w3.org/2001/XMLSchema-instance" version="1.1.0" xsi:schemaLocation="http://www.opengis.net/sld http://schemas.opengis.net/sld/1.1.0/StyledLayerDescriptor.xsd">
  <sld:NamedLayer>
    <se:Name>GE.Aquifer.Type</se:Name>
    <sld:UserStyle>
      <se:Name>GE.Aquifer.Type.Default</se:Name>
      <sld:IsDefault>1</sld:IsDefault>
      <se:FeatureTypeStyle version="1.1.0" xmlns:ge="http://inspire.ec.europa.eu/schemas/ge/4.0">
        <se:Description>
          <se:Title>Aquifer Type Default Style</se:Title>
          <se:Abstract>The polygons (MappedFeatures) of Types of Aquifers based on the AquiferTypeValue code list.</se:Abstract>
        </se:Description>
        <se:FeatureTypeName>ge:AquiferType</se:FeatureTypeName>
        <!-- Line -->
        <se:Rule>
        <se:Description>
          <se:Title>aquifer type: confined sub artesian: line</se:Title>
        </se:Description>
          <ogc:Filter>
            <ogc:PropertyIsEqualTo>
              <ogc:PropertyName>ge:AquiferType</ogc:PropertyName>
              <ogc:Literal>confinedSubArtesian</ogc:Literal>
            </ogc:PropertyIsEqualTo>
          </ogc:Filter>
          <se:LineSymbolizer>
            <se:Geometry>
              <ogc:PropertyName>hy:geometry</ogc:PropertyName>
            </se:Geometry>
            <se:Stroke>
              <se:GraphicStroke>
                <se:Graphic>
                  <se:Mark>
                    <se:WellKnownName>cross</se:WellKnownName>
                  <se:Stroke>
                    <se:SvgParameter name="stroke">#8400A8</se:SvgParameter>
                    <se:SvgParameter name="stroke-width">1.5</se:SvgParameter>
                  </se:Stroke>
                  </se:Mark>
                  <se:Size>10</se:Size>
                </se:Graphic>
              </se:GraphicStroke>
            </se:Stroke>
          </se:LineSymbolizer>
        </se:Rule>
        <!-- Polygon -->
        <se:Rule>
        <se:Description>
          <se:Title>aquifer type: confined  artesian: polygon</se:Title>
        </se:Description>
          <ogc:Filter>
            <ogc:PropertyIsEqualTo>
              <ogc:PropertyName>ge:AquiferType</ogc:PropertyName>
              <ogc:Literal>confinedArtesian</ogc:Literal>
            </ogc:PropertyIsEqualTo>
          </ogc:Filter>
          <se:PolygonSymbolizer>
            <se:Fill>
              <se:GraphicFill>
                <se:Graphic>
                  <se:Mark>
                    <se:WellKnownName>horline</se:WellKnownName>
                    <se:Stroke>
                      <se:SvgParameter name="stroke">#A84A0A</se:SvgParameter>
                      <se:SvgParameter name="stroke-width">1.5</se:SvgParameter>
                    </se:Stroke>
                  </se:Mark>
                  <se:Size>11</se:Size>
                  <se:Rotation>
                    <ogc:Literal>90</ogc:Literal>
                  </se:Rotation>
                </se:Graphic>
              </se:GraphicFill>
            </se:Fill>
            <se:Stroke>
              <se:SvgParameter name="stroke">#8400A8</se:SvgParameter>
              <se:SvgParameter name="stroke-width">1.5</se:SvgParameter>
            </se:Stroke>
          </se:PolygonSymbolizer>
        </se:Rule>
        
        <se:Rule>
        <se:Description>
          <se:Title>aquifer type: unconfined: ?</se:Title>
        </se:Description>
          <ogc:Filter>
            <ogc:PropertyIsEqualTo>
              <ogc:PropertyName>ge:NaturalGeomorphologicFeature</ogc:PropertyName>
              <ogc:Literal>volcanic</ogc:Literal>
            </ogc:PropertyIsEqualTo>
          </ogc:Filter>
          <se:PolygonSymbolizer>
            <se:Geometry>
              <ogc:PropertyName>ge:geometry</ogc:PropertyName>
            </se:Geometry>
            <se:Fill>
              <se:SvgParameter name="fill">#FFFFFF</se:SvgParameter>
            </se:Fill>
          </se:PolygonSymbolizer>
        </se:Rule>
        
      </se:FeatureTypeStyle>
    </sld:UserStyle>
  </sld:NamedLayer>
</sld:StyledLayerDescriptor>
