<?xml version='1.0' encoding='UTF-8'?>
<!-- FBurkamp: Kontent und Abstract der SLD nach GE-Specification ergänzt. (2017-07-10 18:04) 

Symbole sind mit den Schriftarten Wingdings und Wingdings2 verknüpft. Sind diese Schriftarten auf dem Gerät vorhanden, kann diese SLD verwendet werden. Ist dies nicht der Fall, verweise ich auf die SLD, die die Symbole als als Bild hinterlegt hat. -> siehe GE.Borehole.PurposeType.Default.xml
-->
<sld:StyledLayerDescriptor xmlns:sld="http://www.opengis.net/sld" xmlns:ogc="http://www.opengis.net/ogc" xmlns:se="http://www.opengis.net/se" xmlns:xlink="http://www.w3.org/1999/xlink" xmlns:xsi="http://www.w3.org/2001/XMLSchema-instance" version="1.1.0" xsi:schemaLocation="http://www.opengis.net/sld http://schemas.opengis.net/sld/1.1.0/StyledLayerDescriptor.xsd">
  <sld:NamedLayer>
    <se:Name>GE.Borehole.PurposeType</se:Name>
    <sld:UserStyle>
      <se:Name>GE.Borehole.PurposeType.Default</se:Name>
      <sld:IsDefault>1</sld:IsDefault>
      <se:FeatureTypeStyle version="1.1.0" xmlns:ge="http://inspire.ec.europa.eu/schemas/ge/4.0">
        <se:Description>
          <se:Title>Borehole Purpose Type Default Style</se:Title>
          <se:Abstract>The Point Symbology to portrayal different boreholes based on their purpose (BoreholePurposeValue code list) using the ‗ASCII Windings Font‘ / images.</se:Abstract>
        </se:Description>
        <se:FeatureTypeName>ge:Borehole.PurposeType</se:FeatureTypeName>
        
        <se:Rule>
        <se:Description>
          <se:Title>borehole purpose type: aquaculture</se:Title>
        </se:Description>
          <ogc:Filter>
            <ogc:PropertyIsEqualTo>
              <ogc:PropertyName>ge:PurposeType</ogc:PropertyName>
              <ogc:Literal>aquaculture</ogc:Literal>
            </ogc:PropertyIsEqualTo>
          </ogc:Filter>
          <se:PointSymbolizer>
            <se:Geometry>
              <ogc:PropertyName>ge:geometry</ogc:PropertyName>
            </se:Geometry>
            <se:Graphic>
              <Mark>
                <WellKnownName>ttf://Wingdings2#0x00AA</WellKnownName>
                <Fill>
                  <SvgParameter name="fill">#000000</SvgParameter>
                </Fill>
                <Stroke/>
              </Mark>
              <Size>10</Size>
            </se:Graphic>
          </se:PointSymbolizer>
        </se:Rule>
        
        <se:Rule>
        <se:Description>
          <se:Title>borehole purpose type: contingency water supply</se:Title>
        </se:Description>
          <ogc:Filter>
            <ogc:PropertyIsEqualTo>
              <ogc:PropertyName>ge:PurposeType</ogc:PropertyName>
              <ogc:Literal>contingencyWaterSupply</ogc:Literal>
            </ogc:PropertyIsEqualTo>
          </ogc:Filter>
          <se:PointSymbolizer>
            <se:Geometry>
              <ogc:PropertyName>ge:geometry</ogc:PropertyName>
            </se:Geometry>
            <se:Graphic>
              <Mark>
                <WellKnownName>ttf://Wingdings2#0x00A5</WellKnownName>
                <Fill>
                  <SvgParameter name="fill">#000000</SvgParameter>
                </Fill>
                <Stroke/>
              </Mark>
              <Size>10</Size>
            </se:Graphic>
          </se:PointSymbolizer>
        </se:Rule>
        
        <se:Rule>
        <se:Description>
          <se:Title>borehole purpose type: dewatering</se:Title>
        </se:Description>
          <ogc:Filter>
            <ogc:PropertyIsEqualTo>
              <ogc:PropertyName>ge:PurposeType</ogc:PropertyName>
              <ogc:Literal>dewatering</ogc:Literal>
            </ogc:PropertyIsEqualTo>
          </ogc:Filter>
          <se:PointSymbolizer>
            <se:Geometry>
              <ogc:PropertyName>ge:geometry</ogc:PropertyName>
            </se:Geometry>
            <se:Graphic>
              <Mark>
                <WellKnownName>ttf://Wingdings2#0x00A3</WellKnownName>
                <Fill>
                  <SvgParameter name="fill">#000000</SvgParameter>
                </Fill>
                <Stroke/>
              </Mark>
              <Size>10</Size>
            </se:Graphic>
            <se:Graphic>
              <Mark>
                <WellKnownName>ttf://Wingdings2#0x00E6</WellKnownName>
                <Fill>
                  <SvgParameter name="fill">#000000</SvgParameter>
                </Fill>
                <Stroke/>
              </Mark>
              <Size>10</Size>
            </se:Graphic>
          </se:PointSymbolizer>
        </se:Rule>
        
        <se:Rule>
        <se:Description>
          <se:Title>borehole purpose type: disposal</se:Title>
        </se:Description>
          <ogc:Filter>
            <ogc:PropertyIsEqualTo>
              <ogc:PropertyName>ge:PurposeType</ogc:PropertyName>
              <ogc:Literal>disposal</ogc:Literal>
            </ogc:PropertyIsEqualTo>
          </ogc:Filter>
          <se:PointSymbolizer>
            <se:Geometry>
              <ogc:PropertyName>ge:geometry</ogc:PropertyName>
            </se:Geometry>
            <se:Graphic>
              <Mark>
                <WellKnownName>ttf://Wingdings2#0x0055</WellKnownName>
                <Fill>
                  <SvgParameter name="fill">#000000</SvgParameter>
                </Fill>
                <Stroke/>
              </Mark>
              <Size>10</Size>
            </se:Graphic>
          </se:PointSymbolizer>
        </se:Rule>
        
        <se:Rule>
        <se:Description>
          <se:Title>borehole purpose type: drinking water supply</se:Title>
        </se:Description>
          <ogc:Filter>
            <ogc:PropertyIsEqualTo>
              <ogc:PropertyName>ge:PurposeType</ogc:PropertyName>
              <ogc:Literal>drinkingWaterSupply</ogc:Literal>
            </ogc:PropertyIsEqualTo>
          </ogc:Filter>
          <se:PointSymbolizer>
            <se:Geometry>
              <ogc:PropertyName>ge:geometry</ogc:PropertyName>
            </se:Geometry>
            <se:Graphic>
              <Mark>
                <WellKnownName>ttf://Wingdings2#0x00A3</WellKnownName>
                <Fill>
                  <SvgParameter name="fill">#000000</SvgParameter>
                </Fill>
                <Stroke/>
              </Mark>
              <Size>10</Size>
            </se:Graphic>
            <se:Graphic>
              <Mark>
                <WellKnownName>ttf://Wingdings2#0x00AE</WellKnownName>
                <Fill>
                  <SvgParameter name="fill">#000000</SvgParameter>
                </Fill>
                <Stroke/>
              </Mark>
              <Size>10</Size>
            </se:Graphic>
          </se:PointSymbolizer>
        </se:Rule>
        
        <se:Rule>
        <se:Description>
          <se:Title>borehole purpose type: emergency water supply</se:Title>
        </se:Description>
          <ogc:Filter>
            <ogc:PropertyIsEqualTo>
              <ogc:PropertyName>ge:PurposeType</ogc:PropertyName>
              <ogc:Literal>emergencyWaterSupply</ogc:Literal>
            </ogc:PropertyIsEqualTo>
          </ogc:Filter>
          <se:PointSymbolizer>
            <se:Geometry>
              <ogc:PropertyName>ge:geometry</ogc:PropertyName>
            </se:Geometry>
            <se:Graphic>
              <Mark>
                <WellKnownName>ttf://Wingdings2#0x00A3</WellKnownName>
                <Fill>
                  <SvgParameter name="fill">#000000</SvgParameter>
                </Fill>
                <Stroke/>
              </Mark>
              <Size>10</Size>
            </se:Graphic>
            <se:Graphic>
              <Mark>
                <WellKnownName>ttf://Wingdings2#0x00ED</WellKnownName>
                <Fill>
                  <SvgParameter name="fill">#000000</SvgParameter>
                </Fill>
                <Stroke/>
              </Mark>
              <Size>10</Size>
            </se:Graphic>
          </se:PointSymbolizer>
        </se:Rule>
        
        <se:Rule>
        <se:Description>
          <se:Title>borehole purpose type: environmental monitoring</se:Title>
        </se:Description>
          <ogc:Filter>
            <ogc:PropertyIsEqualTo>
              <ogc:PropertyName>ge:PurposeType</ogc:PropertyName>
              <ogc:Literal>environmentalMonitoring</ogc:Literal>
            </ogc:PropertyIsEqualTo>
          </ogc:Filter>
          <se:PointSymbolizer>
            <se:Geometry>
              <ogc:PropertyName>ge:geometry</ogc:PropertyName>
            </se:Geometry>
            <se:Graphic>
              <Mark>
                <WellKnownName>ttf://Wingdings2#0x009B</WellKnownName>
                <Fill>
                  <SvgParameter name="fill">#000000</SvgParameter>
                </Fill>
                <Stroke/>
              </Mark>
              <Size>10</Size>
            </se:Graphic>
          </se:PointSymbolizer>
        </se:Rule>
        
        <se:Rule>
        <se:Description>
          <se:Title>borehole purpose type: exploration exploitation nonmetallic mineral deposits</se:Title>
        </se:Description>
          <ogc:Filter>
            <ogc:PropertyIsEqualTo>
              <ogc:PropertyName>ge:PurposeType</ogc:PropertyName>
              <ogc:Literal>explorationExploitationNonmetallicMineralDeposits</ogc:Literal>
            </ogc:PropertyIsEqualTo>
          </ogc:Filter>
          <se:PointSymbolizer>
            <se:Geometry>
              <ogc:PropertyName>ge:geometry</ogc:PropertyName>
            </se:Geometry>
            <se:Graphic>
              <Mark>
                <WellKnownName>ttf://Wingdings2#0x00D1</WellKnownName>
                <Fill>
                  <SvgParameter name="fill">#000000</SvgParameter>
                </Fill>
                <Stroke/>
              </Mark>
              <Size>10</Size>
            </se:Graphic>
          </se:PointSymbolizer>
        </se:Rule>
        
        <se:Rule>
        <se:Description>
          <se:Title>borehole purpose type: exploration exploitation raw material</se:Title>
        </se:Description>
          <ogc:Filter>
            <ogc:PropertyIsEqualTo>
              <ogc:PropertyName>ge:PurposeType</ogc:PropertyName>
              <ogc:Literal>explorationExploitationRawMaterial</ogc:Literal>
            </ogc:PropertyIsEqualTo>
          </ogc:Filter>
          <se:PointSymbolizer>
            <se:Geometry>
              <ogc:PropertyName>ge:geometry</ogc:PropertyName>
            </se:Geometry>
            <se:Graphic>
              <Mark>
                <WellKnownName>ttf://Wingdings#0x00AB</WellKnownName>
                <Fill>
                  <SvgParameter name="fill">#000000</SvgParameter>
                </Fill>
                <Stroke/>
              </Mark>
              <Size>10</Size>
            </se:Graphic>
          </se:PointSymbolizer>
        </se:Rule>
        
        <se:Rule>
        <se:Description>
          <se:Title>borehole purpose type: exploration natural underground storage</se:Title>
        </se:Description>
          <ogc:Filter>
            <ogc:PropertyIsEqualTo>
              <ogc:PropertyName>ge:PurposeType</ogc:PropertyName>
              <ogc:Literal>explorationNaturalUndergroundStorage</ogc:Literal>
            </ogc:PropertyIsEqualTo>
          </ogc:Filter>
          <se:PointSymbolizer>
            <se:Geometry>
              <ogc:PropertyName>ge:geometry</ogc:PropertyName>
            </se:Geometry>
            <se:Graphic>
              <Mark>
                <WellKnownName>ttf://Wingdings2#0x00C1</WellKnownName>
                <Fill>
                  <SvgParameter name="fill">#000000</SvgParameter>
                </Fill>
                <Stroke/>
              </Mark>
              <Size>10</Size>
            </se:Graphic>
          </se:PointSymbolizer>
        </se:Rule>
        
        <se:Rule>
        <se:Description>
          <se:Title>borehole purpose type: exploration exploitation energy resources</se:Title>
        </se:Description>
          <ogc:Filter>
            <ogc:PropertyIsEqualTo>
              <ogc:PropertyName>ge:PurposeType</ogc:PropertyName>
              <ogc:Literal>explorationExploitationEnergyResources</ogc:Literal>
            </ogc:PropertyIsEqualTo>
          </ogc:Filter>
          <se:PointSymbolizer>
            <se:Geometry>
              <ogc:PropertyName>ge:geometry</ogc:PropertyName>
            </se:Geometry>
            <se:Graphic>
              <Mark>
                <WellKnownName>ttf://Wingdings2#0x00BF</WellKnownName>
                <Fill>
                  <SvgParameter name="fill">#000000</SvgParameter>
                </Fill>
                <Stroke/>
              </Mark>
              <Size>10</Size>
            </se:Graphic>
          </se:PointSymbolizer>
        </se:Rule>
        
        <se:Rule>
        <se:Description>
          <se:Title>borehole purpose type: flowing shot</se:Title>
        </se:Description>
          <ogc:Filter>
            <ogc:PropertyIsEqualTo>
              <ogc:PropertyName>ge:PurposeType</ogc:PropertyName>
              <ogc:Literal>flowingShot</ogc:Literal>
            </ogc:PropertyIsEqualTo>
          </ogc:Filter>
          <se:PointSymbolizer>
            <se:Geometry>
              <ogc:PropertyName>ge:geometry</ogc:PropertyName>
            </se:Geometry>
           <se:Graphic>
              <Mark>
                <WellKnownName>ttf://Wingdings2#0x0054</WellKnownName>
                <Fill>
                  <SvgParameter name="fill">#000000</SvgParameter>
                </Fill>
                <Stroke/>
              </Mark>
              <Size>10</Size>
            </se:Graphic>
          </se:PointSymbolizer>
        </se:Rule>
        
        <se:Rule>
        <se:Description>
          <se:Title>borehole purpose type: geochemical survey</se:Title>
        </se:Description>
          <ogc:Filter>
            <ogc:PropertyIsEqualTo>
              <ogc:PropertyName>ge:PurposeType</ogc:PropertyName>
              <ogc:Literal>geochemicalSurvey</ogc:Literal>
            </ogc:PropertyIsEqualTo>
          </ogc:Filter>
          <se:PointSymbolizer>
            <se:Geometry>
              <ogc:PropertyName>ge:geometry</ogc:PropertyName>
            </se:Geometry>
            <se:Graphic>
              <Mark>
                <WellKnownName>ttf://Wingdings#0x00B2</WellKnownName>
                <Fill>
                  <SvgParameter name="fill">#000000</SvgParameter>
                </Fill>
                <Stroke/>
              </Mark>
              <Size>10</Size>
            </se:Graphic>
          </se:PointSymbolizer>
        </se:Rule>
        
        <se:Rule>
        <se:Description>
          <se:Title>borehole purpose type: geological survey</se:Title>
        </se:Description>
          <ogc:Filter>
            <ogc:PropertyIsEqualTo>
              <ogc:PropertyName>ge:PurposeType</ogc:PropertyName>
              <ogc:Literal>geologicalSurvey</ogc:Literal>
            </ogc:PropertyIsEqualTo>
          </ogc:Filter>
          <se:PointSymbolizer>
            <se:Geometry>
              <ogc:PropertyName>ge:geometry</ogc:PropertyName>
            </se:Geometry>
            <se:Graphic>
              <Mark>
                <WellKnownName>ttf://Wingdings2#0x00CA</WellKnownName>
                <Fill>
                  <SvgParameter name="fill">#000000</SvgParameter>
                </Fill>
                <Stroke/>
              </Mark>
              <Size>10</Size>
            </se:Graphic>
          </se:PointSymbolizer>
        </se:Rule>
        
        <se:Rule>
        <se:Description>
          <se:Title>borehole purpose type: geophysical survey</se:Title>
        </se:Description>
          <ogc:Filter>
            <ogc:PropertyIsEqualTo>
              <ogc:PropertyName>ge:PurposeType</ogc:PropertyName>
              <ogc:Literal>geophysicalSurvey</ogc:Literal>
            </ogc:PropertyIsEqualTo>
          </ogc:Filter>
          <se:PointSymbolizer>
            <se:Geometry>
              <ogc:PropertyName>ge:geometry</ogc:PropertyName>
            </se:Geometry>
            <se:Graphic>
              <Mark>
                <WellKnownName>ttf://Wingdings2#0x00E2</WellKnownName>
                <Fill>
                  <SvgParameter name="fill">#000000</SvgParameter>
                </Fill>
                <Stroke/>
              </Mark>
              <Size>10</Size>
            </se:Graphic>
          </se:PointSymbolizer>
        </se:Rule>
        
        <se:Rule>
        <se:Description>
          <se:Title>borehole purpose type: geotechnical survey</se:Title>
        </se:Description>
          <ogc:Filter>
            <ogc:PropertyIsEqualTo>
              <ogc:PropertyName>ge:PurposeType</ogc:PropertyName>
              <ogc:Literal>geotechnicalSurvey</ogc:Literal>
            </ogc:PropertyIsEqualTo>
          </ogc:Filter>
          <se:PointSymbolizer>
            <se:Geometry>
              <ogc:PropertyName>ge:geometry</ogc:PropertyName>
            </se:Geometry>
            <se:Graphic>
              <Mark>
                <WellKnownName>ttf://Wingdings#0x00B3</WellKnownName>
                <Fill>
                  <SvgParameter name="fill">#000000</SvgParameter>
                </Fill>
                <Stroke/>
              </Mark>
              <Size>10</Size>
            </se:Graphic>
          </se:PointSymbolizer>
        </se:Rule>
        
        <se:Rule>
        <se:Description>
          <se:Title>borehole purpose type: geothermal energy</se:Title>
        </se:Description>
          <ogc:Filter>
            <ogc:PropertyIsEqualTo>
              <ogc:PropertyName>ge:PurposeType</ogc:PropertyName>
              <ogc:Literal>geothermalEnergy</ogc:Literal>
            </ogc:PropertyIsEqualTo>
          </ogc:Filter>
          <se:PointSymbolizer>
            <se:Geometry>
              <ogc:PropertyName>ge:geometry</ogc:PropertyName>
            </se:Geometry>
            <se:Graphic>
              <Mark>
                <WellKnownName>ttf://Wingdings2#0x00EC</WellKnownName>
                <Fill>
                  <SvgParameter name="fill">#000000</SvgParameter>
                </Fill>
                <Stroke/>
              </Mark>
              <Size>10</Size>
            </se:Graphic>
          </se:PointSymbolizer>
        </se:Rule>
        
        <se:Rule>
        <se:Description>
          <se:Title>borehole purpose type: groundwater level monitoring</se:Title>
        </se:Description>
          <ogc:Filter>
            <ogc:PropertyIsEqualTo>
              <ogc:PropertyName>ge:PurposeType</ogc:PropertyName>
              <ogc:Literal>groundwaterLevelMonitoring</ogc:Literal>
            </ogc:PropertyIsEqualTo>
          </ogc:Filter>
          <se:PointSymbolizer>
            <se:Geometry>
              <ogc:PropertyName>ge:geometry</ogc:PropertyName>
            </se:Geometry>
            <se:Graphic>
              <Mark>
                <WellKnownName>ttf://Wingdings2#0x00A2</WellKnownName>
                <Fill>
                  <SvgParameter name="fill">#000000</SvgParameter>
                </Fill>
                <Stroke/>
              </Mark>
              <Size>10</Size>
            </se:Graphic>
            <se:Graphic>
              <Mark>
                <WellKnownName>ttf://Wingdings#0x00B2</WellKnownName>
                <Fill>
                  <SvgParameter name="fill">#000000</SvgParameter>
                </Fill>
                <Stroke/>
              </Mark>
              <Size>10</Size>
            </se:Graphic>
          </se:PointSymbolizer>
        </se:Rule>
        
        <se:Rule>
        <se:Description>
          <se:Title>borehole purpose type: hydrogeological survey</se:Title>
        </se:Description>
          <ogc:Filter>
            <ogc:PropertyIsEqualTo>
              <ogc:PropertyName>ge:PurposeType</ogc:PropertyName>
              <ogc:Literal>hydrogeologicalSurvey</ogc:Literal>
            </ogc:PropertyIsEqualTo>
          </ogc:Filter>
          <se:PointSymbolizer>
            <se:Geometry>
              <ogc:PropertyName>ge:geometry</ogc:PropertyName>
            </se:Geometry>
            <se:Graphic>
              <Mark>
                <WellKnownName>ttf://Wingdings2#0x00A2</WellKnownName>
                <Fill>
                  <SvgParameter name="fill">#000000</SvgParameter>
                </Fill>
                <Stroke/>
              </Mark>
              <Size>10</Size>
            </se:Graphic>
          </se:PointSymbolizer>
        </se:Rule>
        
        <se:Rule>
        <se:Description>
          <se:Title>borehole purpose type: industrial water supply</se:Title>
        </se:Description>
          <ogc:Filter>
            <ogc:PropertyIsEqualTo>
              <ogc:PropertyName>ge:PurposeType</ogc:PropertyName>
              <ogc:Literal>industrialWaterSupply</ogc:Literal>
            </ogc:PropertyIsEqualTo>
          </ogc:Filter>
          <se:PointSymbolizer>
            <se:Geometry>
              <ogc:PropertyName>ge:geometry</ogc:PropertyName>
            </se:Geometry>
            <se:Graphic>
              <Mark>
                <WellKnownName>ttf://Wingdings2#0x00A3</WellKnownName>
                <Fill>
                  <SvgParameter name="fill">#000000</SvgParameter>
                </Fill>
                <Stroke/>
              </Mark>
              <Size>10</Size>
            </se:Graphic>
            <se:Graphic>
              <Mark>
                <WellKnownName>ttf://Wingdings2#0x00EC</WellKnownName>
                <Fill>
                  <SvgParameter name="fill">#000000</SvgParameter>
                </Fill>
                <Stroke/>
              </Mark>
              <Size>10</Size>
            </se:Graphic>
          </se:PointSymbolizer>
        </se:Rule>
        
        <se:Rule>
        <se:Description>
          <se:Title>borehole purpose type: irrigation</se:Title>
        </se:Description>
          <ogc:Filter>
            <ogc:PropertyIsEqualTo>
              <ogc:PropertyName>ge:PurposeType</ogc:PropertyName>
              <ogc:Literal>irrigation</ogc:Literal>
            </ogc:PropertyIsEqualTo>
          </ogc:Filter>
          <se:PointSymbolizer>
            <se:Geometry>
              <ogc:PropertyName>ge:geometry</ogc:PropertyName>
            </se:Geometry>
            <se:Graphic>
              <Mark>
                <WellKnownName>ttf://Wingdings2#0x00A3</WellKnownName>
                <Fill>
                  <SvgParameter name="fill">#000000</SvgParameter>
                </Fill>
                <Stroke/>
              </Mark>
              <Size>10</Size>
            </se:Graphic>
            <se:Graphic>
              <Mark>
                <WellKnownName>ttf://Wingdings2#0x00E7</WellKnownName>
                <Fill>
                  <SvgParameter name="fill">#000000</SvgParameter>
                </Fill>
                <Stroke/>
              </Mark>
              <Size>10</Size>
            </se:Graphic>
          </se:PointSymbolizer>
        </se:Rule>
        
        <se:Rule>
        <se:Description>
          <se:Title>borehole purpose type: mineral exploration extraction</se:Title>
        </se:Description>
          <ogc:Filter>
            <ogc:PropertyIsEqualTo>
              <ogc:PropertyName>ge:PurposeType</ogc:PropertyName>
              <ogc:Literal>mineralExplorationExtraction</ogc:Literal>
            </ogc:PropertyIsEqualTo>
          </ogc:Filter>
          <se:PointSymbolizer>
            <se:Geometry>
              <ogc:PropertyName>ge:geometry</ogc:PropertyName>
            </se:Geometry>
            <se:Graphic>
              <Mark>
                <WellKnownName>ttf://Wingdings2#0x00B9</WellKnownName>
                <Fill>
                  <SvgParameter name="fill">#000000</SvgParameter>
                </Fill>
                <Stroke/>
              </Mark>
              <Size>10</Size>
            </se:Graphic>
          </se:PointSymbolizer>
        </se:Rule>
        
        <se:Rule>
        <se:Description>
          <se:Title>borehole purpose type: mitigation</se:Title>
        </se:Description>
          <ogc:Filter>
            <ogc:PropertyIsEqualTo>
              <ogc:PropertyName>ge:PurposeType</ogc:PropertyName>
              <ogc:Literal>mitigation</ogc:Literal>
            </ogc:PropertyIsEqualTo>
          </ogc:Filter>
          <se:PointSymbolizer>
            <se:Geometry>
              <ogc:PropertyName>ge:geometry</ogc:PropertyName>
            </se:Geometry>
            <se:Graphic>
              <Mark>
                <WellKnownName>ttf://Wingdings2#0x009C</WellKnownName>
                <Fill>
                  <SvgParameter name="fill">#000000</SvgParameter>
                </Fill>
                <Stroke/>
              </Mark>
              <Size>10</Size>
            </se:Graphic>
          </se:PointSymbolizer>
        </se:Rule>
        
        <se:Rule>
        <se:Description>
          <se:Title>borehole purpose type: pedological survey</se:Title>
        </se:Description>
          <ogc:Filter>
            <ogc:PropertyIsEqualTo>
              <ogc:PropertyName>ge:PurposeType</ogc:PropertyName>
              <ogc:Literal>pedologicalSurvey</ogc:Literal>
            </ogc:PropertyIsEqualTo>
          </ogc:Filter>
          <se:PointSymbolizer>
            <se:Geometry>
              <ogc:PropertyName>ge:geometry</ogc:PropertyName>
            </se:Geometry>
            <se:Graphic>
              <Mark>
                <WellKnownName>ttf://Wingdings2#0x00C3</WellKnownName>
                <Fill>
                  <SvgParameter name="fill">#000000</SvgParameter>
                </Fill>
                <Stroke/>
              </Mark>
              <Size>10</Size>
            </se:Graphic>
          </se:PointSymbolizer>
        </se:Rule>
        
        <se:Rule>
        <se:Description>
          <se:Title>borehole purpose type: pollution monitoring</se:Title>
        </se:Description>
          <ogc:Filter>
            <ogc:PropertyIsEqualTo>
              <ogc:PropertyName>ge:PurposeType</ogc:PropertyName>
              <ogc:Literal>pollutionMonitoring</ogc:Literal>
            </ogc:PropertyIsEqualTo>
          </ogc:Filter>
          <se:PointSymbolizer>
            <se:Geometry>
              <ogc:PropertyName>ge:geometry</ogc:PropertyName>
            </se:Geometry>
            <se:Graphic>
              <Mark>
                <WellKnownName>ttf://Wingdings2#0x0058</WellKnownName>
                <Fill>
                  <SvgParameter name="fill">#000000</SvgParameter>
                </Fill>
                <Stroke/>
              </Mark>
              <Size>10</Size>
            </se:Graphic>
          </se:PointSymbolizer>
        </se:Rule>
        
        <se:Rule>
        <se:Description>
          <se:Title>borehole purpose type: recharge</se:Title>
        </se:Description>
          <ogc:Filter>
            <ogc:PropertyIsEqualTo>
              <ogc:PropertyName>ge:PurposeType</ogc:PropertyName>
              <ogc:Literal>recharge</ogc:Literal>
            </ogc:PropertyIsEqualTo>
          </ogc:Filter>
          <se:PointSymbolizer>
            <se:Geometry>
              <ogc:PropertyName>ge:geometry</ogc:PropertyName>
            </se:Geometry>
            <se:Graphic>
              <Mark>
                <WellKnownName>ttf://Wingdings2#0x00A7</WellKnownName>
                <Fill>
                  <SvgParameter name="fill">#000000</SvgParameter>
                </Fill>
                <Stroke/>
              </Mark>
              <Size>10</Size>
            </se:Graphic>
          </se:PointSymbolizer>
        </se:Rule>
        
        <se:Rule>
        <se:Description>
          <se:Title>borehole purpose type: remediation</se:Title>
        </se:Description>
          <ogc:Filter>
            <ogc:PropertyIsEqualTo>
              <ogc:PropertyName>ge:PurposeType</ogc:PropertyName>
              <ogc:Literal>remediation</ogc:Literal>
            </ogc:PropertyIsEqualTo>
          </ogc:Filter>
          <se:PointSymbolizer>
            <se:Geometry>
              <ogc:PropertyName>ge:geometry</ogc:PropertyName>
            </se:Geometry>
            <se:Graphic>
              <Mark>
                <WellKnownName>ttf://Wingdings2#0x0098</WellKnownName>
                <Fill>
                  <SvgParameter name="fill">#000000</SvgParameter>
                </Fill>
                <Stroke/>
              </Mark>
              <Size>10</Size>
            </se:Graphic>
          </se:PointSymbolizer>
        </se:Rule>
        
        <se:Rule>
        <se:Description>
          <se:Title>borehole purpose type: shallow methane production</se:Title>
        </se:Description>
          <ogc:Filter>
            <ogc:PropertyIsEqualTo>
              <ogc:PropertyName>ge:PurposeType</ogc:PropertyName>
              <ogc:Literal>shallowMethaneProduction</ogc:Literal>
            </ogc:PropertyIsEqualTo>
          </ogc:Filter>
          <se:PointSymbolizer>
            <se:Geometry>
              <ogc:PropertyName>ge:geometry</ogc:PropertyName>
            </se:Geometry>
            <se:Graphic>
              <Mark>
                <WellKnownName>ttf://Wingdings2#0x00B0</WellKnownName>
                <Fill>
                  <SvgParameter name="fill">#000000</SvgParameter>
                </Fill>
                <Stroke/>
              </Mark>
              <Size>10</Size>
            </se:Graphic>
          </se:PointSymbolizer>
        </se:Rule>
        
        <se:Rule>
        <se:Description>
          <se:Title>borehole purpose type: shot hole</se:Title>
        </se:Description>
          <ogc:Filter>
            <ogc:PropertyIsEqualTo>
              <ogc:PropertyName>ge:PurposeType</ogc:PropertyName>
              <ogc:Literal>shotHole</ogc:Literal>
            </ogc:PropertyIsEqualTo>
          </ogc:Filter>
          <se:PointSymbolizer>
            <se:Geometry>
              <ogc:PropertyName>ge:geometry</ogc:PropertyName>
            </se:Geometry>
            <se:Graphic>
              <Mark>
                <WellKnownName>ttf://Wingdings2#0x00E0</WellKnownName>
                <Fill>
                  <SvgParameter name="fill">#000000</SvgParameter>
                </Fill>
                <Stroke/>
              </Mark>
              <Size>10</Size>
            </se:Graphic>
          </se:PointSymbolizer>
        </se:Rule>
        
        <se:Rule>
        <se:Description>
          <se:Title>borehole purpose type: thermal cleaning</se:Title>
        </se:Description>
          <ogc:Filter>
            <ogc:PropertyIsEqualTo>
              <ogc:PropertyName>ge:PurposeType</ogc:PropertyName>
              <ogc:Literal>thermalCleaning</ogc:Literal>
            </ogc:PropertyIsEqualTo>
          </ogc:Filter>
          <se:PointSymbolizer>
            <se:Geometry>
              <ogc:PropertyName>ge:geometry</ogc:PropertyName>
            </se:Geometry>
            <se:Graphic>
              <Mark>
                <WellKnownName>ttf://Wingdings2#0x0038</WellKnownName>
                <Fill>
                  <SvgParameter name="fill">#000000</SvgParameter>
                </Fill>
                <Stroke/>
              </Mark>
              <Size>10</Size>
            </se:Graphic>
          </se:PointSymbolizer>
        </se:Rule>
        
        <se:Rule>
        <se:Description>
          <se:Title>borehole purpose type: water quality monitoring</se:Title>
        </se:Description>
          <ogc:Filter>
            <ogc:PropertyIsEqualTo>
              <ogc:PropertyName>ge:PurposeType</ogc:PropertyName>
              <ogc:Literal>waterQualityMonitoring</ogc:Literal>
            </ogc:PropertyIsEqualTo>
          </ogc:Filter>
          <se:PointSymbolizer>
            <se:Geometry>
              <ogc:PropertyName>ge:geometry</ogc:PropertyName>
            </se:Geometry>
            <se:Graphic>
              <Mark>
                <WellKnownName>ttf://Wingdings#0x00B5</WellKnownName>
                <Fill>
                  <SvgParameter name="fill">#000000</SvgParameter>
                </Fill>
                <Stroke/>
              </Mark>
              <Size>10</Size>
            </se:Graphic>
          </se:PointSymbolizer>
        </se:Rule>
        
        <se:Rule>
        <se:Description>
          <se:Title>borehole purpose type: hydrocarbon appraisal</se:Title>
        </se:Description>
          <ogc:Filter>
            <ogc:PropertyIsEqualTo>
              <ogc:PropertyName>ge:PurposeType</ogc:PropertyName>
              <ogc:Literal>hydrocarbonAppraisal</ogc:Literal>
            </ogc:PropertyIsEqualTo>
          </ogc:Filter>
          <se:PointSymbolizer>
            <se:Geometry>
              <ogc:PropertyName>ge:geometry</ogc:PropertyName>
            </se:Geometry>
            <se:Graphic>
              <Mark>
                <WellKnownName>ttf://Wingdings2#0x00AF</WellKnownName>
                <Fill>
                  <SvgParameter name="fill">#000000</SvgParameter>
                </Fill>
                <Stroke/>
              </Mark>
              <Size>10</Size>
            </se:Graphic>
          </se:PointSymbolizer>
        </se:Rule>
        
        <se:Rule>
        <se:Description>
          <se:Title>borehole purpose type: hydrocarbon exploration</se:Title>
        </se:Description>
          <ogc:Filter>
            <ogc:PropertyIsEqualTo>
              <ogc:PropertyName>ge:PurposeType</ogc:PropertyName>
              <ogc:Literal>hydrocarbonExploration</ogc:Literal>
            </ogc:PropertyIsEqualTo>
          </ogc:Filter>
          <se:PointSymbolizer>
            <se:Geometry>
              <ogc:PropertyName>ge:geometry</ogc:PropertyName>
            </se:Geometry>
            <se:Graphic>
              <Mark>
                <WellKnownName>ttf://Wingdings2#0x00B3</WellKnownName>
                <Fill>
                  <SvgParameter name="fill">#000000</SvgParameter>
                </Fill>
                <Stroke/>
              </Mark>
              <Size>10</Size>
            </se:Graphic>
          </se:PointSymbolizer>
        </se:Rule>
        
        <se:Rule>
        <se:Description>
          <se:Title>borehole purpose type: hydrocarbon production</se:Title>
        </se:Description>
          <ogc:Filter>
            <ogc:PropertyIsEqualTo>
              <ogc:PropertyName>ge:PurposeType</ogc:PropertyName>
              <ogc:Literal>hydrocarbonProduction</ogc:Literal>
            </ogc:PropertyIsEqualTo>
          </ogc:Filter>
          <se:PointSymbolizer>
            <se:Geometry>
              <ogc:PropertyName>ge:geometry</ogc:PropertyName>
            </se:Geometry>
            <se:Graphic>
              <Mark>
                <WellKnownName>ttf://Wingdings2#0x00B2</WellKnownName>
                <Fill>
                  <SvgParameter name="fill">#000000</SvgParameter>
                </Fill>
                <Stroke/>
              </Mark>
              <Size>10</Size>
            </se:Graphic>
          </se:PointSymbolizer>
        </se:Rule>
        
        <se:Rule>
        <se:Description>
          <se:Title>borehole purpose type: water supply</se:Title>
        </se:Description>
          <ogc:Filter>
            <ogc:PropertyIsEqualTo>
              <ogc:PropertyName>ge:PurposeType</ogc:PropertyName>
              <ogc:Literal>waterSupply</ogc:Literal>
            </ogc:PropertyIsEqualTo>
          </ogc:Filter>
          <se:PointSymbolizer>
            <se:Geometry>
              <ogc:PropertyName>ge:geometry</ogc:PropertyName>
            </se:Geometry>
            <se:Graphic>
              <Mark>
                <WellKnownName>ttf://Wingdings2#0x00A3</WellKnownName>
                <Fill>
                  <SvgParameter name="fill">#000000</SvgParameter>
                </Fill>
                <Stroke/>
              </Mark>
              <Size>10</Size>
            </se:Graphic>
          </se:PointSymbolizer>
        </se:Rule>

      </se:FeatureTypeStyle>
    </sld:UserStyle>
  </sld:NamedLayer>
</sld:StyledLayerDescriptor>
