<?xml version='1.0' encoding='UTF-8'?>
<!-- FBurkamp: Kontent und Abstract der SLD nach GE-Specification ergänzt. (2017-06-27 18:04) -->
<sld:StyledLayerDescriptor xmlns:sld="http://www.opengis.net/sld" xmlns:ogc="http://www.opengis.net/ogc" xmlns:se="http://www.opengis.net/se" xmlns:xlink="http://www.w3.org/1999/xlink" xmlns:xsi="http://www.w3.org/2001/XMLSchema-instance" version="1.1.0" xsi:schemaLocation="http://www.opengis.net/sld http://schemas.opengis.net/sld/1.1.0/StyledLayerDescriptor.xsd">
  <sld:NamedLayer>
    <se:Name>GE.GeophStation.MagneticStation</se:Name>
    <sld:UserStyle>
      <se:Name>GE.GeophStation.MagneticStation.Default</se:Name>
      <sld:IsDefault>1</sld:IsDefault>
      <se:FeatureTypeStyle version="1.1.0" xmlns:ge="http://inspire.ec.europa.eu/schemas/ge/4.0">
        <se:Description>
          <se:Title>Magnetic Station Default Style</se:Title>
          <se:Abstract>The symbols of GeophStation are portrayed by type (stationType) and size of symbol by rank (stationRank). Note: One layer shall be made available for each code list value, for example: GE.gravityStation, GE.magneticStation, GE.seismologicalStation, etc..</se:Abstract>
        </se:Description>
        <se:FeatureTypeName>ge:GeophStation.MagneticStation</se:FeatureTypeName>
       
        <se:Rule>
        <se:Description>
          <se:Title>magnetic station: observatory</se:Title>
        </se:Description>
          <ogc:Filter>
          <ogc:And>
            <ogc:PropertyIsEqualTo>
              <ogc:PropertyName>ge:GeophStation</ogc:PropertyName>
              <ogc:Literal>MagneticStation</ogc:Literal>
            </ogc:PropertyIsEqualTo>
            <ogc:PropertyIsEqualTo>
              <ogc:PropertyName>ge:GeophStation</ogc:PropertyName>
              <ogc:Literal>Observatory</ogc:Literal>
            </ogc:PropertyIsEqualTo>
          </ogc:And>
          </ogc:Filter>
          <se:PointSymbolizer>
            <se:Geometry>
              <ogc:PropertyName>ge:geometry</ogc:PropertyName>
            </se:Geometry>
            <se:Graphic>
              <se:Mark>
                <se:WellKnownName>square</se:WellKnownName>
                <se:Fill>
                  <se:SvgParameter name="fill">#00CCFF</se:SvgParameter>
                </se:Fill>
              </se:Mark>
              <se:Size>14</se:Size>
            </se:Graphic>
          </se:PointSymbolizer>
        </se:Rule>
        
        <se:Rule>
        <se:Description>
          <se:Title>magnetic station: secular station</se:Title>
        </se:Description>
          <ogc:Filter>
          <ogc:And>
            <ogc:PropertyIsEqualTo>
              <ogc:PropertyName>ge:GeophStation</ogc:PropertyName>
              <ogc:Literal>MagneticStation</ogc:Literal>
            </ogc:PropertyIsEqualTo>
            <ogc:PropertyIsEqualTo>
              <ogc:PropertyName>ge:GeophStation</ogc:PropertyName>
              <ogc:Literal>SecularStation</ogc:Literal>
            </ogc:PropertyIsEqualTo>
          </ogc:And>
          </ogc:Filter>
          <se:PointSymbolizer>
            <se:Geometry>
              <ogc:PropertyName>ge:geometry</ogc:PropertyName>
            </se:Geometry>
            <se:Graphic>
              <se:Mark>
                <se:WellKnownName>triangle</se:WellKnownName>
                <se:Fill>
                  <se:SvgParameter name="fill">#00CCFF</se:SvgParameter>
                </se:Fill>
              </se:Mark>
              <se:Size>14</se:Size>
            </se:Graphic>
          </se:PointSymbolizer>
        </se:Rule>
        
        <se:Rule>
        <se:Description>
          <se:Title>magnetic station: 1st order base</se:Title>
        </se:Description>
          <ogc:Filter>
          <ogc:And>
            <ogc:PropertyIsEqualTo>
              <ogc:PropertyName>ge:GeophStation</ogc:PropertyName>
              <ogc:Literal>MagneticStation</ogc:Literal>
            </ogc:PropertyIsEqualTo>
            <ogc:PropertyIsEqualTo>
              <ogc:PropertyName>ge:GeophStation</ogc:PropertyName>
              <ogc:Literal>1stOrderBase</ogc:Literal>
            </ogc:PropertyIsEqualTo>
          </ogc:And>
          </ogc:Filter>
          <se:PointSymbolizer>
            <se:Geometry>
              <ogc:PropertyName>ge:geometry</ogc:PropertyName>
            </se:Geometry>
            <se:Graphic>
              <se:Mark>
                <se:WellKnownName>circle</se:WellKnownName>
                <se:Fill>
                  <se:SvgParameter name="fill">#00CCFF</se:SvgParameter>
                </se:Fill>
              </se:Mark>
              <se:Size>14</se:Size>
            </se:Graphic>
          </se:PointSymbolizer>
        </se:Rule>
        
        <se:Rule>
        <se:Description>
          <se:Title>magnetic station: 2nd order base</se:Title>
        </se:Description>
          <ogc:Filter>
          <ogc:And>
            <ogc:PropertyIsEqualTo>
              <ogc:PropertyName>ge:GeophStation</ogc:PropertyName>
              <ogc:Literal>MagneticStation</ogc:Literal>
            </ogc:PropertyIsEqualTo>
            <ogc:PropertyIsEqualTo>
              <ogc:PropertyName>ge:GeophStation</ogc:PropertyName>
              <ogc:Literal>2ndOrderBase</ogc:Literal>
            </ogc:PropertyIsEqualTo>
          </ogc:And>
          </ogc:Filter>
          <se:PointSymbolizer>
            <se:Geometry>
              <ogc:PropertyName>ge:geometry</ogc:PropertyName>
            </se:Geometry>
            <se:Graphic>
              <se:Mark>
                <se:WellKnownName>circle</se:WellKnownName>
                <se:Fill>
                  <se:SvgParameter name="fill">#00CCFF</se:SvgParameter>
                </se:Fill>
              </se:Mark>
              <se:Size>12</se:Size>
            </se:Graphic>
          </se:PointSymbolizer>
        </se:Rule>
        
      </se:FeatureTypeStyle>
    </sld:UserStyle>
  </sld:NamedLayer>
</sld:StyledLayerDescriptor>