<?xml version='1.0' encoding='UTF-8'?>
<!-- FBurkamp: Kontent und Abstract der SLD nach GE-Specification ergänzt. (2017-06-27 18:04) -->
<sld:StyledLayerDescriptor xmlns:sld="http://www.opengis.net/sld" xmlns:ogc="http://www.opengis.net/ogc" xmlns:se="http://www.opengis.net/se" xmlns:xlink="http://www.w3.org/1999/xlink" xmlns:xsi="http://www.w3.org/2001/XMLSchema-instance" version="1.1.0" xsi:schemaLocation="http://www.opengis.net/sld http://schemas.opengis.net/sld/1.1.0/StyledLayerDescriptor.xsd">
  <sld:NamedLayer>
    <se:Name>GE.GeophStation.VerticalElectricSounding</se:Name>
    <sld:UserStyle>
      <se:Name>GE.GeophStation.VerticalElectricSounding.Default</se:Name>
      <sld:IsDefault>1</sld:IsDefault>
      <se:FeatureTypeStyle version="1.1.0" xmlns:ge="http://inspire.ec.europa.eu/schemas/ge/4.0">
        <se:Description>
          <se:Title>Vertical Electric Sounding Default Style</se:Title>
          <se:Abstract>The symbols of GeophStation are portrayed by type (stationType) and size of symbol by rank (stationRank). Note: One layer shall be made available for each code list value, for example: GE.gravityStation, GE.magneticStation, GE.seismologicalStation, etc..</se:Abstract>
        </se:Description>
        <se:FeatureTypeName>ge:GeophStation.VerticalElectricSounding</se:FeatureTypeName>
       
        <se:Rule>
        <se:Description>
          <se:Title>vertical electric sounding</se:Title>
        </se:Description>
          <ogc:Filter>
            <ogc:PropertyIsEqualTo>
              <ogc:PropertyName>ge:GeophStation</ogc:PropertyName>
              <ogc:Literal>VerticalElectricSounding</ogc:Literal>
            </ogc:PropertyIsEqualTo>
          </ogc:Filter>
          <se:PointSymbolizer>
            <se:Geometry>
              <ogc:PropertyName>ge:geometry</ogc:PropertyName>
            </se:Geometry>
            <se:Graphic>
              <se:Mark>
                <se:WellKnownName>circle</se:WellKnownName>
                <se:Fill>
                  <se:SvgParameter name="fill">#C0C0C0</se:SvgParameter>
                </se:Fill>
              </se:Mark>
              <se:Size>10</se:Size>
            </se:Graphic>
          </se:PointSymbolizer>
        </se:Rule>
        
      </se:FeatureTypeStyle>
    </sld:UserStyle>
  </sld:NamedLayer>
</sld:StyledLayerDescriptor>