<?xml version='1.0' encoding='UTF-8'?>
<!-- FBurkamp: Kontent der SLD nach Abstract ergänzt. Fehler: Der Punkt wird mit einer schwarzen Füllung, so wie mit einer schwrazen Kontur dargestellt. Ist das so gedacht? (2017-06-01 15:37) -->
<sld:StyledLayerDescriptor version="1.1.0" xsi:schemaLocation="http://www.opengis.net/sld http://schemas.opengis.net/sld/1.1.0/StyledLayerDescriptor.xsd" xmlns:sld="http://www.opengis.net/sld" xmlns:ogc="http://www.opengis.net/ogc" xmlns:se="http://www.opengis.net/se" xmlns:xlink="http://www.w3.org/1999/xlink" xmlns:xsi="http://www.w3.org/2001/XMLSchema-instance">
  <sld:NamedLayer>
    <se:Name>LC.LandCoverPoints</se:Name>
    <sld:UserStyle>
      <se:Name>LC.LandCoverPoints.Default</se:Name>
      <sld:IsDefault>1</sld:IsDefault>
      <se:FeatureTypeStyle version="1.1.0" xmlns:lc="http://inspire.ec.europa.eu/schemas/lc/4.0">
        <se:Description>
          <se:Title>LC.LandCoverPoints Default Style</se:Title>
          <se:Abstract>This Style defined the default INSPIRE style for Land Cover data supported by a set of points. As there is no required nomenclature, only the geometry is repre-sented, ie as a circle with a size of 3 pixels, with a black (#000000) fill and a black outline (#000000). </se:Abstract>
        </se:Description>
        <se:FeatureTypeName>lc:LandCoverUnit</se:FeatureTypeName>
        <se:Rule>
          <se:Description>
            <se:Title>land cover points</se:Title>
          </se:Description>
            <se:PointSymbolizer>
              <se:Geometry>
                <ogc:PropertyName>lc:geometry</ogc:PropertyName>
              </se:Geometry>
              <se:Graphic>
                <se:Mark>
                  <se:WellKnownName>circle</se:WellKnownName>
                  <se:Fill>
                    <se:SvgParameter name="fill">#000000</se:SvgParameter>
                  </se:Fill>
                  <se:Stroke>
                    <se:SvgParameter name="stroke">#000000</se:SvgParameter>
                    <se:SvgParameter name="stroke-width">1</se:SvgParameter>
                  </se:Stroke>
                </se:Mark>
                <se:Size>3</se:Size>
              </se:Graphic>
            </se:PointSymbolizer>
        </se:Rule>
      </se:FeatureTypeStyle>
    </sld:UserStyle>
  </sld:NamedLayer>
</sld:StyledLayerDescriptor>