<?xml version='1.0' encoding='UTF-8'?>
<sld:StyledLayerDescriptor version="1.1.0" xsi:schemaLocation="http://www.opengis.net/sld http://schemas.opengis.net/sld/1.1.0/StyledLayerDescriptor.xsd" xmlns:sld="http://www.opengis.net/sld" xmlns:ogc="http://www.opengis.net/ogc" xmlns:se="http://www.opengis.net/se" xmlns:xlink="http://www.w3.org/1999/xlink" xmlns:xsi="http://www.w3.org/2001/XMLSchema-instance">
  <sld:NamedLayer>
    <se:Name>LC.LandCoverPoints</se:Name>
    <sld:UserStyle>
      <se:Name>LC.LandCoverPoints.Default</se:Name>
        <sld:IsDefault>1</sld:IsDefault>
          <se:FeatureTypeStyle version="1.1.0" xmlns:lc="http://inspire.ec.europa.eu/schemas/lc/4.0">
            <se:Description>
              <se:Title>Land Cover Points Default Style</se:Title>
                <se:Abstract>This Style defined the default INSPIRE style for Land Cover data supported by a set of points. As there is no required nomenclature, only the geometry is repre-sented, ie as a circle with a size of 3 pixels, with a black (#000000) fill and a black outline (#000000). </se:Abstract>
            </se:Description>
            <se:FeatureTypeName>lc:LandCoverUnit</se:FeatureTypeName>
            <se:Rule>
              <se:PointSymbolizer>
                <se:Geometry>
                  <ogc:PropertyName>geometry</ogc:PropertyName>
                </se:Geometry>
              </se:PointSymbolizer>
            </se:Rule>
          </se:FeatureTypeStyle>
    </sld:UserStyle>
  </sld:NamedLayer>
</sld:StyledLayerDescriptor>