<?xml version='1.0' encoding='UTF-8'?>
<!--
   Source http://inspire.jrc.ec.europa.eu/documents/Data_Specifications/INSPIRE_DataSpecification_LC_v3.0.pdf

   XML is valid against StyledLayerDescriptor.xsd! 

   http://github.com/JuergenWeichand/inspire-styles (2016-09-18 12:48:26)
-->
<!-- FBurkamp: Abstract und Kontent der SLD nach LC-Specification ergänzt. SLD war vorher inhaltslos, aber dennoch valide. (2017-06-12 11:33) -->
<sld:StyledLayerDescriptor xmlns:sld="http://www.opengis.net/sld" xmlns:ogc="http://www.opengis.net/ogc" xmlns:se="http://www.opengis.net/se" xmlns:xlink="http://www.w3.org/1999/xlink" xmlns:xsi="http://www.w3.org/2001/XMLSchema-instance" version="1.1.0" xsi:schemaLocation="http://www.opengis.net/sld http://schemas.opengis.net/sld/1.1.0/StyledLayerDescriptor.xsd">
  <sld:NamedLayer>
    <se:Name>LC.LandCoverRaster</se:Name>
    <sld:UserStyle>
      <se:Name>LC.LandCoverRaster.Default</se:Name>
      <sld:IsDefault>1</sld:IsDefault>
      <se:CoverageStyle version="1.1.0" xmlns:lc="http://inspire.ec.europa.eu/schemas/lc/4.0">
        <se:Description>
          <se:Title>Land Cover Raster Default Style</se:Title>
          <se:Abstract>This Style defined the default INSPIRE style for Land Cover data supported by a raster. As there is no required nomenclature, only the geometry is represented, ie only polygons with a white (#FFFFFF) fill and a black outline (#000000) of 3 pixels width. Orthoimage coverages are rendered as opaque raster data. When coverages overlap in a same layer, the coverage the acquisition time of which is the latest is placed on top.</se:Abstract>
        </se:Description>
        <se:CoverageName>lc:LandCoverGrodCoverage</se:CoverageName>
        <se:Rule>
        <se:Description>
          <se:Title>land cover raster: polygon</se:Title>
        </se:Description>
          <se:PolygonSymbolizer>
            <se:Geometry>
              <ogc:PropertyName>lc:geometry</ogc:PropertyName>
            </se:Geometry>
            <se:Fill>
              <se:SvgParameter name="fill">#FFFFFF</se:SvgParameter>
            </se:Fill>
            <se:Stroke>
              <se:SvgParameter name="stroke">#000000</se:SvgParameter>
              <se:SvgParameter name="stroke-width">3</se:SvgParameter>
            </se:Stroke>
          </se:PolygonSymbolizer>
        </se:Rule>
        <se:Rule>
        <se:Description>
          <se:Title>land cover raster</se:Title>
        </se:Description>
          <se:RasterSymbolizer>
            <se:Geometry>
              <ogc:PropertyName>lc:domainSet</ogc:PropertyName>
            </se:Geometry>
            <se:Opacity>1.0</se:Opacity>
            <se:OverlapBehavior>LATEST_ON_TOP</se:OverlapBehavior>
          </se:RasterSymbolizer>
        </se:Rule>
      </se:CoverageStyle>
    </sld:UserStyle>
  </sld:NamedLayer>
</sld:StyledLayerDescriptor>