<?xml version='1.0' encoding='UTF-8'?>
<!--
   Source http://inspire.jrc.ec.europa.eu/documents/Data_Specifications/INSPIRE_DataSpecification_OI_v3.0.pdf

   XML is valid against StyledLayerDescriptor.xsd! 

   http://github.com/JuergenWeichand/inspire-styles (2016-09-18 12:48:27)
-->
<sld:StyledLayerDescriptor xmlns:sld="http://www.opengis.net/sld" xmlns:ogc="http://www.opengis.net/ogc" xmlns:se="http://www.opengis.net/se" xmlns:xlink="http://www.w3.org/1999/xlink" xmlns:xsi="http://www.w3.org/2001/XMLSchema-instance" version="1.1.0" xsi:schemaLocation="http://www.opengis.net/sld http://schemas.opengis.net/sld/1.1.0/StyledLayerDescriptor.xsd">
  <sld:NamedLayer>
    <se:Name>OI.MosaicElement</se:Name>
    <sld:UserStyle>
      <se:Name>OI.MosaicElement.Default</se:Name>
      <sld:IsDefault>1</sld:IsDefault>
      <se:FeatureTypeStyle version="1.1.0" xmlns:oi="http://inspire.ec.europa.eu/schemas/oi/4.0">
        <se:Description>
          <se:Title>Mosaic Element Default Style</se:Title>
          <se:Abstract>Mosaic elements are outlined using solid magenta (#ff00ff) lines with a width of 1 pixel. No fill is rendered. Attribute phenomenonTime is carried by the geometry as a text label in Arial 10 magenta (#ff00ff).</se:Abstract>
        </se:Description>
        <se:FeatureTypeName>oi:MosaicElement</se:FeatureTypeName>
        <se:Rule>
        <se:Description>
          <se:Title>mosaic element</se:Title>
        </se:Description>
          <se:PolygonSymbolizer>
            <se:Geometry>
              <ogc:PropertyName>oi:geometry</ogc:PropertyName>
            </se:Geometry>
            <se:Stroke>
              <se:SvgParameter name="stroke">#ff00ff</se:SvgParameter>
              <se:SvgParameter name="stroke-width">1</se:SvgParameter>
            </se:Stroke>
          </se:PolygonSymbolizer>
        </se:Rule>
        <se:Rule>
        <se:Description>
          <se:Title>label: mosaic element - phenomenon time</se:Title>
        </se:Description>
          <se:TextSymbolizer>
            <se:Label>
              <ogc:PropertyName>oi:phenomenonTime</ogc:PropertyName>
            </se:Label>
            <se:Font>
              <se:SvgParameter name="font-family">Arial</se:SvgParameter>
              <se:SvgParameter name="font-size">10</se:SvgParameter>
            </se:Font>
            <se:Fill>
              <se:SvgParameter name="fill">#ff00ff</se:SvgParameter>
            </se:Fill>
          </se:TextSymbolizer>
        </se:Rule>
      </se:FeatureTypeStyle>
    </sld:UserStyle>
  </sld:NamedLayer>
</sld:StyledLayerDescriptor>
