<?xml version='1.0' encoding='UTF-8'?>
<!--
   Source http://inspire.jrc.ec.europa.eu/documents/Data_Specifications/INSPIRE_DataSpecification_AF_v3.0.pdf

   XML is valid against StyledLayerDescriptor.xsd! 

   http://github.com/JuergenWeichand/inspire-styles (2016-09-18 12:48:43)
-->
<!-- FBurkamp: Kontent der SLD nach Abstract ergänzt. (2017-06-02 07:39) -->
<sld:StyledLayerDescriptor xmlns:sld="http://www.opengis.net/sld" xmlns:ogc="http://www.opengis.net/ogc" xmlns:se="http://www.opengis.net/se" xmlns:xlink="http://www.w3.org/1999/xlink" xmlns:xsi="http://www.w3.org/2001/XMLSchema-instance" version="1.1.0" xsi:schemaLocation="http://www.opengis.net/sld http://schemas.opengis.net/sld/1.1.0/StyledLayerDescriptor.xsd">
  <sld:NamedLayer>
    <se:Name>AF.AgriculturalHolding</se:Name>
    <sld:UserStyle>
      <se:Name>AF.AgriculturalHolding.Default</se:Name>
      <sld:IsDefault>1</sld:IsDefault>
      <se:FeatureTypeStyle version="1.1.0" xmlns:af="http://inspire.ec.europa.eu/schemas/af/4.0">
        <se:Description>
          <se:Title>Agricultural Holding Default Style</se:Title>
          <se:Abstract>The geometry is rendered as a circle with a size of 3 pixel, with a green (#008000) fill and a black outline (#000000).</se:Abstract>
        </se:Description>
        <se:FeatureTypeName>af:AgriculturalHolding</se:FeatureTypeName>
        <se:Rule>
        <se:Description>
          <se:Title>agricultural holding</se:Title>
        </se:Description>
        <se:MinScaleDenominator>1</se:MinScaleDenominator>
        <se:MaxScaleDenominator>25000</se:MaxScaleDenominator>
          <se:PointSymbolizer>
            <se:Geometry>
              <ogc:PropertyName>af:geometry</ogc:PropertyName>
            </se:Geometry>
            <se:Graphic>
              <se:Mark>
                <se:WellKnownName>circle</se:WellKnownName>
                <se:Fill>
                  <se:SvgParameter name="fill">#008000</se:SvgParameter>
                </se:Fill>
                <se:Stroke>
                  <se:SvgParameter name="stroke">#000000</se:SvgParameter>
                  <se:SvgParameter name="stroke-width">1</se:SvgParameter>
                </se:Stroke>
              </se:Mark>
              <se:Size>3</se:Size>
            </se:Graphic>
          </se:PointSymbolizer>
        </se:Rule>
      </se:FeatureTypeStyle>
    </sld:UserStyle>
  </sld:NamedLayer>
</sld:StyledLayerDescriptor>
