<?xml version='1.0' encoding='UTF-8'?>
<!--
   Source http://inspire.jrc.ec.europa.eu/documents/Data_Specifications/INSPIRE_DataSpecification_AF_v3.0.pdf

   XML is valid against StyledLayerDescriptor.xsd! 

   http://github.com/JuergenWeichand/inspire-styles (2016-09-18 12:48:43)
-->
<!-- FBurkamp: Abstarct und Kontent der SLD nach AF-Specification ergänzt. SLD war vorher inhaltslos, aber dennoch valide. (2017-06-12 11:43) -->
<sld:StyledLayerDescriptor version="1.1.0" xsi:schemaLocation="http://www.opengis.net/sld http://schemas.opengis.net/sld/1.1.0/StyledLayerDescriptor.xsd" xmlns:sld="http://www.opengis.net/sld" xmlns:ogc="http://www.opengis.net/ogc" xmlns:se="http://www.opengis.net/se" xmlns:xlink="http://www.w3.org/1999/xlink" xmlns:xsi="http://www.w3.org/2001/XMLSchema-instance">
  <sld:NamedLayer>
    <se:Name>AF.AgriculturalAndAquacultureSite</se:Name>
      <sld:UserStyle>
      <se:Name>AF.AgriculturalAndAquacultureSite.Default</se:Name>
      <sld:IsDefault>1</sld:IsDefault>
      <se:FeatureTypeStyle version="1.1.0" xmlns:af="http://inspire.ec.europa.eu/schemas/af/4.0">
        <se:Description>
          <se:Title>Agricultural and Aquaculture Site Default Style</se:Title>
          <se:Abstract>This layer type is for representation of Agricultural and Aquaculture Sites as Points or Polygons. The polygon-geometry is rendered using a 50% grey (#808080) fill and a solid blue (#0000FF) outline with a stroke width of 1 pixel. The point-geometry is rendered as a circle with a size of 3 pixel, a 50% grey (#808080) fill and and a solid blue (#0000FF).</se:Abstract>
        </se:Description>
        <se:FeatureTypeName>af:AgriculturalAndAquacultureSite</se:FeatureTypeName>
        <se:Rule>
        <se:Description>
          <se:Title>agricultural and aquaculture site: polygon</se:Title>
        </se:Description>
        <se:MinScaleDenominator>5000</se:MinScaleDenominator>
        <se:MaxScaleDenominator>25000</se:MaxScaleDenominator>
          <se:PolygonSymbolizer>
            <se:Geometry>
              <ogc:PropertyName>af:geometry</ogc:PropertyName>
            </se:Geometry>
            <se:Fill>
              <se:SvgParameter name="fill">#808080</se:SvgParameter>
            </se:Fill>
            <se:Stroke>
              <se:SvgParameter name="stroke">#0000FF</se:SvgParameter>
              <se:SvgParameter name="stroke-width">1</se:SvgParameter>
            </se:Stroke>
          </se:PolygonSymbolizer>
        </se:Rule>
        <se:Rule>
        <se:Description>
          <se:Title>agricultural and aquaculture Site: point</se:Title>
        </se:Description>
        <se:MinScaleDenominator>5000</se:MinScaleDenominator>
        <se:MaxScaleDenominator>25000</se:MaxScaleDenominator>
          <se:PointSymbolizer>
            <se:Geometry>
              <ogc:PropertyName>af:geometry</ogc:PropertyName>
            </se:Geometry>
            <se:Graphic>
              <se:Mark>
                <se:WellKnownName>circle</se:WellKnownName>
                <se:Fill>
                  <se:SvgParameter name="fill">#808080</se:SvgParameter>
                </se:Fill>
                <se:Stroke>
                  <se:SvgParameter name="stroke">#0000FF</se:SvgParameter>
                  <se:SvgParameter name="stroke-width">1</se:SvgParameter>
                </se:Stroke>
              </se:Mark>
              <se:Size>3</se:Size>
            </se:Graphic>
          </se:PointSymbolizer>
        </se:Rule>
      </se:FeatureTypeStyle>
    </sld:UserStyle>
  </sld:NamedLayer>
</sld:StyledLayerDescriptor>