<?xml version='1.0' encoding='UTF-8'?>
<!-- FBurkamp: Kontent der SLD nach Abstract ergänzt. (2017-06-02 07:26) -->
<sld:StyledLayerDescriptor version="1.1.0" xsi:schemaLocation="http://www.opengis.net/sld http://schemas.opengis.net/sld/1.1.0/StyledLayerDescriptor.xsd" xmlns:sld="http://www.opengis.net/sld" xmlns:ogc="http://www.opengis.net/ogc" xmlns:se="http://www.opengis.net/se" xmlns:xlink="http://www.w3.org/1999/xlink" xmlns:xsi="http://www.w3.org/2001/XMLSchema-instance">
  <sld:NamedLayer>
    <se:Name>AF.AgriBuilding.Default</se:Name>
    <sld:UserStyle>
      <se:Name>AF.AgriBuilding.Default</se:Name>
        <sld:IsDefault>1</sld:IsDefault>
        <se:FeatureTypeStyle version="1.1.0" xmlns:af="http://inspire.ec.europa.eu/schemas/af/4.0">
          <se:Description>
            <se:Title>af:Agricultural and Aquaculture AgriBuilding Default Style</se:Title>
            <se:Abstract>The geometry is rendered as a circle with a size of 3 pixel, with a Green (#808000) fill and a black outline (#000000).</se:Abstract>
          </se:Description>
            <se:FeatureTypeName>af:AgriBuilding</se:FeatureTypeName>
          <se:Rule>
          <se:Description>
            <se:Title>agri building</se:Title>
          </se:Description>
          <se:MinScaleDenominator>1000</se:MinScaleDenominator>
          <se:MaxScaleDenominator>25000</se:MaxScaleDenominator>
            <se:PointSymbolizer>
              <se:Geometry>
                <ogc:PropertyName>af:geometry</ogc:PropertyName>
              </se:Geometry>
              <se:Graphic>
                <se:Mark>
                  <se:WellKnownName>circle</se:WellKnownName>
                  <se:Fill>
                    <se:SvgParameter name="fill">#808000</se:SvgParameter>
                  </se:Fill>
                  <se:Stroke>
                    <se:SvgParameter name="stroke">#000000</se:SvgParameter>
                    <se:SvgParameter name="stroke-width">1</se:SvgParameter>
                  </se:Stroke>
                </se:Mark>
                <se:Size>3</se:Size>
              </se:Graphic>
            </se:PointSymbolizer>
          </se:Rule>
        </se:FeatureTypeStyle>
    </sld:UserStyle>
  </sld:NamedLayer>
</sld:StyledLayerDescriptor>