<?xml version='1.0' encoding='UTF-8'?>
<!-- FBurkamp: Kontent und Abstract der SLD nach AM-Specification ergänzt. (2017-06-21 18:04) -->
<sld:StyledLayerDescriptor xmlns:sld="http://www.opengis.net/sld" xmlns:ogc="http://www.opengis.net/ogc" xmlns:se="http://www.opengis.net/se" xmlns:xlink="http://www.w3.org/1999/xlink" xmlns:xsi="http://www.w3.org/2001/XMLSchema-instance" version="1.1.0" xsi:schemaLocation="http://www.opengis.net/sld http://schemas.opengis.net/sld/1.1.0/StyledLayerDescriptor.xsd">
  <sld:NamedLayer>
    <se:Name>AM.RestrictedZonesAroundContaminatedSites</se:Name>
    <sld:UserStyle>
      <se:Name>AM.RestrictedZonesAroundContaminatedSites.Default</se:Name>
      <sld:IsDefault>1</sld:IsDefault>
      <se:FeatureTypeStyle version="1.1.0" xmlns:am="http://inspire.ec.europa.eu/schemas/am/4.0">
        <se:Description>
          <se:Title>Restricted Zones Around Contaminated Sites Default Style</se:Title>
          <se:Abstract>The geometry is rendered for points as a square with a size of 6 pixels, with a red (#FF0000) fill and a black outline; for curves as a solid red (#FF0000) line with a stroke width of 2 pixels; and for surfaces using a red (#FF0000) fill with a transparency of 50% and a solid red (#FF0000) outline with a stroke width of 2 pixels.</se:Abstract>
        </se:Description>
        <se:FeatureTypeName>am:RestrictedZonesAroundContaminatedSites</se:FeatureTypeName>
        <!-- Polygon -->
        <se:Rule>
        <se:Description>
          <se:Title>restricted zones around contaminated sites: polygon</se:Title>
        </se:Description>
          <se:PolygonSymbolizer>
            <se:Geometry>
              <ogc:PropertyName>am:geometry</ogc:PropertyName>
            </se:Geometry>
            <se:Fill>
              <se:SvgParameter name="fill">#FF0000</se:SvgParameter>
              <se:SvgParameter name="fill-opacity">0.5</se:SvgParameter>
            </se:Fill>
            <se:Stroke>
              <se:SvgParameter name="stroke">#FF0000</se:SvgParameter>
              <se:SvgParameter name="stroke-width">2</se:SvgParameter>
            </se:Stroke>
          </se:PolygonSymbolizer>
        </se:Rule>
        <!-- Line -->
        <se:Rule>
        <se:Description>
          <se:Title>restricted zones around contaminated sites: line</se:Title>
        </se:Description>
          <se:LineSymbolizer>
            <se:Geometry>
              <ogc:PropertyName>am:geometry</ogc:PropertyName>
            </se:Geometry>
            <se:Stroke>
              <se:SvgParameter name="stroke">#FF0000</se:SvgParameter>
              <se:SvgParameter name="stroke-width">2</se:SvgParameter>
            </se:Stroke>
          </se:LineSymbolizer>
        </se:Rule>
        <!-- Point -->
        <se:Rule>
        <se:Description>
          <se:Title>restricted zones around contaminated sites: point</se:Title>
        </se:Description>
          <se:PointSymbolizer>
            <se:Geometry>
              <ogc:PropertyName>am:geometry</ogc:PropertyName>
            </se:Geometry>
            <se:Graphic>
              <se:Mark>
                <se:WellKnownName>square</se:WellKnownName>
                <se:Fill>
                  <se:SvgParameter name="fill">#FF0000</se:SvgParameter>
                </se:Fill>
                <se:Stroke>
                  <se:SvgParameter name="stroke">#000000</se:SvgParameter>
                  <se:SvgParameter name="stroke-width">1</se:SvgParameter>
                </se:Stroke>
              </se:Mark>
              <se:Size>6</se:Size>
            </se:Graphic>
          </se:PointSymbolizer>
        </se:Rule>
      </se:FeatureTypeStyle>
    </sld:UserStyle>
  </sld:NamedLayer>
</sld:StyledLayerDescriptor>