<?xml version='1.0' encoding='UTF-8'?>
<!-- FBurkamp: Kontent und Abstract der SLD nach BR-Specification ergänzt. (2017-06-12 14:42) -->
<sld:StyledLayerDescriptor version="1.1.0" xsi:schemaLocation="http://www.opengis.net/sld http://schemas.opengis.net/sld/1.1.0/StyledLayerDescriptor.xsd" xmlns:sld="http://www.opengis.net/sld" xmlns:ogc="http://www.opengis.net/ogc" xmlns:se="http://www.opengis.net/se" xmlns:xlink="http://www.w3.org/1999/xlink" xmlns:xsi="http://www.w3.org/2001/XMLSchema-instance">
  <sld:NamedLayer>
    <se:Name>BR.BiogeographicalRegions</se:Name>
    <sld:UserStyle>
      <se:Name>BR.BiogeographicalRegions.Default</se:Name>
      <sld:IsDefault>1</sld:IsDefault>
      <se:FeatureTypeStyle version="1.1.0" xmlns:br="http://inspire.ec.europa.eu/schemas/br/4.0">
        <se:Description>
          <se:Title>Biogeographical Regions Default Style</se:Title>
          <se:Abstract>This style is the generic style for visualising the boundaries of the biogeographical regions. Polygon geometries are rendered using a 50% grey (#808080) fill and a solid black (#000000) outline with a stroke width of 1 pixel. Where a RegionClass has a colour scheme defined it should be used as the default colour scheme. This default scheme is generic and is superceded when an established colour scheme exists.</se:Abstract>
        </se:Description>
        <se:FeatureTypeName>br:BiogeographicalRegions</se:FeatureTypeName>
        <se:Rule>
        <se:Description>
          <se:Title>biogeographical regions</se:Title>
        </se:Description>
          <se:PolygonSymbolizer>
            <se:Geometry>
              <ogc:PropertyName>br:geometry</ogc:PropertyName>
            </se:Geometry>
            <se:Fill>
              <se:SvgParameter name="fill">#808080</se:SvgParameter>
            </se:Fill>
            <se:Stroke>
              <se:SvgParameter name="stroke">#000000</se:SvgParameter>
              <se:SvgParameter name="stroke-width">1</se:SvgParameter>
            </se:Stroke>
          </se:PolygonSymbolizer>
        </se:Rule>
      </se:FeatureTypeStyle>
    </sld:UserStyle>
  </sld:NamedLayer>
</sld:StyledLayerDescriptor>