<?xml version='1.0' encoding='UTF-8'?>
<!--
   Source http://inspire.jrc.ec.europa.eu/documents/Data_Specifications/INSPIRE_DataSpecification_BU_v3.0.pdf

   XML is invalid against StyledLayerDescriptor.xsd! 
   Element '{http://www.opengis.net/se}FeatureTypeName': 'BU/Buildings/BuildingPart' is not a valid value of the atomic type 'xs:QName'., line 11 

   http://github.com/JuergenWeichand/inspire-styles (2016-09-18 12:48:33)
-->
<!-- FBurkamp: Layernamen der SLD geändert. (2019-08-02)-->
<!-- FBurkamp: neuen Style festgelegt siehe https://inspire.ec.europa.eu/file/1605/download?token=wXRlBXsh (2020-02-13)-->
<sld:StyledLayerDescriptor xmlns:sld="http://www.opengis.net/sld" xmlns:ogc="http://www.opengis.net/ogc" xmlns:se="http://www.opengis.net/se" xmlns:xlink="http://www.w3.org/1999/xlink" xmlns:xsi="http://www.w3.org/2001/XMLSchema-instance" version="1.1.0" xsi:schemaLocation="http://www.opengis.net/sld http://schemas.opengis.net/sld/1.1.0/StyledLayerDescriptor.xsd">
  <sld:NamedLayer>
    <se:Name>BU.BuildingPart</se:Name>
    <sld:UserStyle>
      <se:Name>BU.BuildingPart.Default</se:Name>
      <sld:IsDefault>1</sld:IsDefault>
      <se:FeatureTypeStyle version="1.1.0" xmlns:bu="http://inspire.ec.europa.eu/schemas/bu/4.0">
        <se:Description>
          <se:Title>Building Part 2D Default Style</se:Title>
          <se:Abstract>Polygon geometries are rendered using a no fill and a solid red outline (#FF0000) with a stroke width of 1 pixel. Point geometries are rendered as a circle with a size of 5 pixel, with a 50% grey (#808080) fill.</se:Abstract>
        </se:Description>
        <se:FeatureTypeName>bu:BuildingPart</se:FeatureTypeName>
        <se:Rule>
        <se:Description>
          <se:Title>building part: polygon</se:Title>
        </se:Description>
          <ogc:Filter>
            <ogc:And>
              <ogc:PropertyIsEqualTo>
                <ogc:Function name="in2">
                  <ogc:Function name="geometryType">
                    <ogc:PropertyName>bu:geometry</ogc:PropertyName>
                  </ogc:Function>
                  <ogc:Literal>Polygon</ogc:Literal>
                  <ogc:Literal>MultiPolygon</ogc:Literal>
                </ogc:Function>
                <ogc:Literal>true</ogc:Literal>
              </ogc:PropertyIsEqualTo>
              <ogc:PropertyIsEqualTo>
                <ogc:PropertyName>bu:referenceGeometry</ogc:PropertyName>
                <ogc:Literal>true</ogc:Literal>
              </ogc:PropertyIsEqualTo>
            </ogc:And>
          </ogc:Filter>
          <se:MinScaleDenominator>50</se:MinScaleDenominator>
          <se:MaxScaleDenominator>10000</se:MaxScaleDenominator>          
          <se:PolygonSymbolizer>
            <se:Geometry>
              <ogc:PropertyName>bu:geometry</ogc:PropertyName>
            </se:Geometry>
            <se:Stroke>
              <se:SvgParameter name="stroke">#FF0000</se:SvgParameter>
              <se:SvgParameter name="strokewidth">1</se:SvgParameter>
            </se:Stroke>
          </se:PolygonSymbolizer>
        </se:Rule>
        <se:Rule>
        <se:Description>
          <se:Title>building part: point</se:Title>
        </se:Description>
          <ogc:Filter>
            <ogc:And>
              <ogc:PropertyIsEqualTo>
                <ogc:Function name="in2">
                  <ogc:Function name="geometryType">
                    <ogc:PropertyName>bu:geometry</ogc:PropertyName>
                  </ogc:Function>
                  <ogc:Literal>Point</ogc:Literal>
                  <ogc:Literal>MultiPoint</ogc:Literal>
                </ogc:Function>
                <ogc:Literal>true</ogc:Literal>
              </ogc:PropertyIsEqualTo>
              <ogc:PropertyIsEqualTo>
                <ogc:PropertyName>bu:referenceGeometry</ogc:PropertyName>
                <ogc:Literal>true</ogc:Literal>
              </ogc:PropertyIsEqualTo>
            </ogc:And>
          </ogc:Filter>
          <se:MinScaleDenominator>50</se:MinScaleDenominator>
          <se:MaxScaleDenominator>10000</se:MaxScaleDenominator>
            <se:PointSymbolizer>
            <se:Geometry>
              <ogc:PropertyName>bu:geometry</ogc:PropertyName>
            </se:Geometry>
            <se:Graphic>
              <se:Mark>
                <se:WellKnownName>circle</se:WellKnownName>
                <se:Fill>
                  <se:SvgParameter name="fill">#808080</se:SvgParameter>
                </se:Fill>
              </se:Mark>
              <se:Size>5</se:Size>
            </se:Graphic>
          </se:PointSymbolizer>
        </se:Rule>
      </se:FeatureTypeStyle>
    </sld:UserStyle>
  </sld:NamedLayer>
</sld:StyledLayerDescriptor>
