<?xml version='1.0' encoding='UTF-8'?>
<!-- FBurkamp: Abstract der SLD nach BU-Specification und Kontent der SLD ergänzt. (2017-06-12 17:56) -->
<!-- FBurkamp: Layernamen der SLD geändert. (2019-08-02)-->
<!-- FBurkamp: neuen Style festgelegt siehe https://inspire.ec.europa.eu/file/1605/download?token=wXRlBXsh (2020-02-13)-->
<sld:StyledLayerDescriptor version="1.1.0" xsi:schemaLocation="http://www.opengis.net/sld http://schemas.opengis.net/sld/1.1.0/StyledLayerDescriptor.xsd" xmlns:sld="http://www.opengis.net/sld" xmlns:ogc="http://www.opengis.net/ogc" xmlns:se="http://www.opengis.net/se" xmlns:xlink="http://www.w3.org/1999/xlink" xmlns:xsi="http://www.w3.org/2001/XMLSchema-instance">
  <sld:NamedLayer>
    <se:Name>BU.Building</se:Name>
    <sld:UserStyle>
      <se:Name>BU.Building.Default</se:Name>
      <sld:IsDefault>1</sld:IsDefault>
      <se:FeatureTypeStyle version="1.1.0" xmlns:bu="http://inspire.ec.europa.eu/schemas/bu/4.0">
        <se:Description>
          <se:Title>Buildings 2D Default Style</se:Title>
          <se:Abstract>Polygon geometries are rendered using a red light (#FFEBEB) fill and a dark red outline (#FF0000) with a stroke width of 1 pixel. Point geometries are rendered as a circle with a size of 10 pixel with a darkgrey (#525252) fill and a black outline.</se:Abstract>
        </se:Description>
        <se:FeatureTypeName>bu:Building</se:FeatureTypeName>
          <se:Rule>
          <se:Description>
            <se:Title>building: polygon</se:Title>
          </se:Description>
            <ogc:Filter>
              <ogc:And>
                <ogc:PropertyIsEqualTo>
                  <ogc:Function name="in2">
                    <ogc:Function name="geometryType">
                      <ogc:PropertyName>bu:geometry</ogc:PropertyName>
                    </ogc:Function>
                      <ogc:Literal>Polygon</ogc:Literal>
                      <ogc:Literal>MultiPolygon</ogc:Literal>
                  </ogc:Function>
                      <ogc:Literal>true</ogc:Literal>
                </ogc:PropertyIsEqualTo>
                  <ogc:PropertyIsEqualTo>
                    <ogc:PropertyName>bu:referenceGeometry</ogc:PropertyName>
                    <ogc:Literal>true</ogc:Literal>
                  </ogc:PropertyIsEqualTo>
              </ogc:And>
            </ogc:Filter>
          <se:MinScaleDenominator>50</se:MinScaleDenominator>
          <se:MaxScaleDenominator>25000</se:MaxScaleDenominator>
            <se:PolygonSymbolizer>
              <se:Geometry>
                <ogc:PropertyName>bu:geometry</ogc:PropertyName>
              </se:Geometry>
              <se:Fill>
                <se:SvgParameter name="fill">#FFEBEB</se:SvgParameter>
              </se:Fill>
              <se:Stroke>
                <se:SvgParameter name="stroke">#FF0000</se:SvgParameter>
                <se:SvgParameter name="stroke-width">1</se:SvgParameter>
              </se:Stroke>
            </se:PolygonSymbolizer>
          </se:Rule>
          <se:Rule>
          <se:Description>
            <se:Title>building: point</se:Title>
          </se:Description>
          <ogc:Filter>
            <ogc:And>
              <ogc:PropertyIsEqualTo>
                <ogc:Function name="in2">
                  <ogc:Function name="geometryType">
                    <ogc:PropertyName>bu:geometry</ogc:PropertyName>
                  </ogc:Function>
                    <ogc:Literal>Point</ogc:Literal>
                    <ogc:Literal>MultiPoint</ogc:Literal>
                </ogc:Function>
                    <ogc:Literal>true</ogc:Literal>
              </ogc:PropertyIsEqualTo>
              <ogc:PropertyIsEqualTo>
                <ogc:PropertyName>bu:referenceGeometry</ogc:PropertyName>
                <ogc:Literal>true</ogc:Literal>
              </ogc:PropertyIsEqualTo>
            </ogc:And>
          </ogc:Filter>
          <se:MinScaleDenominator>50</se:MinScaleDenominator>
          <se:MaxScaleDenominator>25000</se:MaxScaleDenominator>
          <se:PointSymbolizer>
            <se:Geometry>
              <ogc:PropertyName>bu:geometry</ogc:PropertyName>
            </se:Geometry>
            <se:Graphic>
              <se:Mark>
                <se:WellKnownName>circle</se:WellKnownName>
              <se:Fill>
                <se:SvgParameter name="fill">#525252</se:SvgParameter>
              </se:Fill>
              </se:Mark>
                <se:Size>10</se:Size>
            </se:Graphic>
          </se:PointSymbolizer>
          </se:Rule>
      </se:FeatureTypeStyle>
    </sld:UserStyle>
  </sld:NamedLayer>
</sld:StyledLayerDescriptor>