<?xml version='1.0' encoding='UTF-8'?>
<!--
   Source http://inspire.jrc.ec.europa.eu/documents/Data_Specifications/INSPIRE_DataSpecification_EF_v3.0.pdf

   XML is valid against StyledLayerDescriptor.xsd! 

   http://github.com/JuergenWeichand/inspire-styles (2016-09-18 12:48:41)
-->
<!-- FBurkamp: Kontent der SLD nach Abstract ergänzt. (2017-06-02 08:50) -->
<sld:StyledLayerDescriptor xmlns:sld="http://www.opengis.net/sld" xmlns:ogc="http://www.opengis.net/ogc" xmlns:se="http://www.opengis.net/se" xmlns:xlink="http://www.w3.org/1999/xlink" xmlns:xsi="http://www.w3.org/2001/XMLSchema-instance" version="1.1.0" xsi:schemaLocation="http://www.opengis.net/sld http://schemas.opengis.net/sld/1.1.0/StyledLayerDescriptor.xsd">
  <sld:NamedLayer>
    <se:Name>EF.EnvironmentalMonitoringFacilities</se:Name>
    <sld:UserStyle>
      <se:Name>EF.EnvironmentalMonitoringFacilities.Default</se:Name>
      <sld:IsDefault>1</sld:IsDefault>
      <se:FeatureTypeStyle version="1.1.0" xmlns:ef="http://inspire.ec.europa.eu/schemas/ef/4.0">
        <se:Description>
          <se:Title>Environmental Monitoring Facilities Default Style</se:Title>
          <se:Abstract>If the EnvironmentalMonitoringFacility representativePoint is available it should be used for display. Otherwise the AbstractMonitoringObject geometry attribute will be the source of information. Given that the geometry information could be either point, line or polygon, the three default INSPIRE symbologies could be used. The geometry is rendered for points or representativePoints as a square with a size of 6 pixels, with a 50% grey (#808080) fill and a black (#000000) outline; for curves as a solid black (#000000) line with a stroke width of 1 pixel; and for surfaces using a 50% grey (#808080) fill and a solid black (#000000) outline with a stroke width of 1 pixel.</se:Abstract>
        </se:Description>
        <se:FeatureTypeName>ef:EnvironmentalMonitoringFacility</se:FeatureTypeName>
        <se:Rule>
        <se:Description>
          <se:Title>environmental monitoring facility: point or representative point</se:Title>
        </se:Description>
          <se:PointSymbolizer>
            <se:Geometry>
              <ogc:PropertyName>ef:geometry</ogc:PropertyName>
            </se:Geometry>
            <se:Graphic>
              <se:Mark>
                <se:WellKnownName>square</se:WellKnownName>
                <se:Fill>
                  <se:SvgParameter name="fill">#808080</se:SvgParameter>
                </se:Fill>
                <se:Stroke>
                  <se:SvgParameter name="stroke">#000000</se:SvgParameter>
                  <se:SvgParameter name="stroke-width">1</se:SvgParameter>
                </se:Stroke>
              </se:Mark>
              <se:Size>6</se:Size>
            </se:Graphic>
          </se:PointSymbolizer>
        </se:Rule>
        <se:Rule>
        <se:Description>
          <se:Title>environmental monitoring facility: curve</se:Title>
        </se:Description>
          <se:LineSymbolizer>
            <se:Geometry>
              <ogc:PropertyName>ef:geometry</ogc:PropertyName>
            </se:Geometry>
              <se:Stroke>
                <se:GraphicStroke>
                  <se:Graphic>
                    <se:Mark>
                      <se:WellKnownName>curve</se:WellKnownName>
                      <se:Stroke>
                        <se:SvgParameter name="stroke">#000000</se:SvgParameter>
                        <se:SvgParameter name="stroke-width">1</se:SvgParameter>
                      </se:Stroke>
                    </se:Mark>
                  </se:Graphic>
                </se:GraphicStroke>
              </se:Stroke>
          </se:LineSymbolizer>
        </se:Rule>
        <se:Rule>
        <se:Description>
          <se:Title>environmental monitoring facility: surface</se:Title>
        </se:Description>
          <se:PolygonSymbolizer>
            <se:Geometry>
              <ogc:PropertyName>ef:geometry</ogc:PropertyName>
            </se:Geometry>
            <se:Fill>
              <se:SvgParameter name="fill">#808000</se:SvgParameter>
            </se:Fill>
            <se:Stroke>
              <se:SvgParameter name="stroke">#000000</se:SvgParameter>
              <se:SvgParameter name="stroke-width">1</se:SvgParameter>
            </se:Stroke>
          </se:PolygonSymbolizer>
        </se:Rule>
      </se:FeatureTypeStyle>
    </sld:UserStyle>
  </sld:NamedLayer>
</sld:StyledLayerDescriptor>