<?xml version='1.0' encoding='UTF-8'?>
<!-- FBurkamp: Abstract der SLD nach Kontent ergänzt. (2017-06-02 13:46) -->
<sld:StyledLayerDescriptor version="1.1.0" xsi:schemaLocation="http://www.opengis.net/sld http://schemas.opengis.net/sld/1.1.0/StyledLayerDescriptor.xsd" xmlns:sld="http://www.opengis.net/sld" xmlns:ogc="http://www.opengis.net/ogc" xmlns:se="http://www.opengis.net/se" xmlns:xlink="http://www.w3.org/1999/xlink" xmlns:xsi="http://www.w3.org/2001/XMLSchema-instance">
  <sld:NamedLayer>
    <se:Name>HH.Event.Default</se:Name>
    <sld:UserStyle>
      <se:Name>HH.Event.Default</se:Name>
        <sld:IsDefault>1</sld:IsDefault>
          <se:FeatureTypeStyle version="1.1.0" xmlns:hh="http://inspire.ec.europa.eu/schemas/hh/4.0">
            <se:Description>
              <se:Title>Event Default Style</se:Title>
              <se:Abstract>Polygon geometries are rendered using a no fill and a red (#FF0000) outline with a stroke width of 3 pixel. Line geometries are rendered as a red (#FF0000) line with a stroke width of 3 pixel. Point geometries are rendered as a circle with a size of 3 pixel, with a red (#FF0000) fill.</se:Abstract>
            </se:Description>
            <se:FeatureTypeName>hh:Event</se:FeatureTypeName>
          <se:Rule>
            <se:Description>
              <se:Title>event: polygon</se:Title>
            </se:Description>
            <se:PolygonSymbolizer>
              <se:Geometry>
                <ogc:PropertyName>hh:locationUnit.geometry</ogc:PropertyName>
              </se:Geometry>
              <se:Stroke>
                <se:SvgParameter name="stroke">#ff0000</se:SvgParameter>
                <se:SvgParameter name="stroke-width">3</se:SvgParameter>
              </se:Stroke>
              </se:PolygonSymbolizer>
          </se:Rule>
          <se:Rule>
            <se:Description>
              <se:Title>event: line</se:Title>
            </se:Description>
            <se:LineSymbolizer>
              <se:Geometry>
                <ogc:PropertyName>hh:locationUnit.geometry</ogc:PropertyName>
              </se:Geometry>
              <se:Stroke>
                <se:SvgParameter name="stroke">#ff0000</se:SvgParameter>
                <se:SvgParameter name="stroke-width">3</se:SvgParameter>
              </se:Stroke>
            </se:LineSymbolizer>
          </se:Rule>
          <se:Rule>
            <se:Description>
              <se:Title>event: point</se:Title>
            </se:Description>
            <se:PointSymbolizer>
              <se:Geometry>
                <ogc:PropertyName>hh:locationUnit.geometry</ogc:PropertyName>
              </se:Geometry>
              <se:Graphic>
                <se:Mark>
                  <se:WellKnownName>circle</se:WellKnownName>
                <se:Fill>
                  <se:SvgParameter name="fill">#ff0000</se:SvgParameter>
                </se:Fill>
                </se:Mark>
                <se:Size>3</se:Size>
              </se:Graphic>
            </se:PointSymbolizer>
          </se:Rule>
          </se:FeatureTypeStyle>
    </sld:UserStyle>
  </sld:NamedLayer>
</sld:StyledLayerDescriptor>