<?xml version='1.0' encoding='UTF-8'?>
<!-- FBurkamp: Kontent und Abstract der SLD nach LU-Specification ergänzt. (2017-06-21 18:04) -->
<sld:StyledLayerDescriptor xmlns:sld="http://www.opengis.net/sld" xmlns:ogc="http://www.opengis.net/ogc" xmlns:se="http://www.opengis.net/se" xmlns:xlink="http://www.w3.org/1999/xlink" xmlns:xsi="http://www.w3.org/2001/XMLSchema-instance" version="1.1.0" xsi:schemaLocation="http://www.opengis.net/sld http://schemas.opengis.net/sld/1.1.0/StyledLayerDescriptor.xsd">
  <sld:NamedLayer>
    <se:Name>LU.LandUse.SpatialPlan</se:Name>
    <sld:UserStyle>
      <se:Name>LU.LandUse.SpatialPlan.Default</se:Name>
      <sld:IsDefault>1</sld:IsDefault>
      <se:FeatureTypeStyle version="1.1.0" xmlns:lu="http://inspire.ec.europa.eu/schemas/lu/4.0">
        <se:Description>
          <se:Title>Planned Land Use Default Style</se:Title>
          <se:Abstract>Spatial plan extent provided by black lines of 2 pixel.</se:Abstract>
        </se:Description>
        <se:FeatureTypeName>lu:SpatialPlan</se:FeatureTypeName>
        <se:Rule>
        <se:Description>
          <se:Title>planned land use</se:Title>
        </se:Description>
          <se:LineSymbolizer>
            <se:Geometry>
              <ogc:PropertyName>lu:geometry</ogc:PropertyName>
            </se:Geometry>
            <se:Stroke>
              <se:SvgParameter name="stroke">#000000</se:SvgParameter>
              <se:SvgParameter name="stroke-width">2</se:SvgParameter>
            </se:Stroke>
          </se:LineSymbolizer>
        </se:Rule>
      </se:FeatureTypeStyle>
    </sld:UserStyle>
  </sld:NamedLayer>
</sld:StyledLayerDescriptor>