<?xml version='1.0' encoding='UTF-8'?>
<!-- FBurkamp: Kontent der SLD nach MR-Specification ergänzt. (2017-07-17 17:00) -->
<sld:StyledLayerDescriptor xmlns:sld="http://www.opengis.net/sld" xmlns:ogc="http://www.opengis.net/ogc" xmlns:se="http://www.opengis.net/se" xmlns:xlink="http://www.w3.org/1999/xlink" xmlns:xsi="http://www.w3.org/2001/XMLSchema-instance" version="1.1.0" xsi:schemaLocation="http://www.opengis.net/sld http://schemas.opengis.net/sld/1.1.0/StyledLayerDescriptor.xsd">
  <sld:NamedLayer>
    <se:Name>MR.MineralOccurrence.Commodity.PreciousMetals</se:Name>
    <sld:UserStyle>
      <se:Name>MR.MineralOccurrence.Commodity.PreciousMetals.Default</se:Name>
      <sld:IsDefault>1</sld:IsDefault>
      <se:FeatureTypeStyle version="1.1.0" xmlns:mr="http://inspire.ec.europa.eu/schemas/mr/4.0">
        <se:Description>
          <se:Title>Precious Metals Default Style</se:Title>
          <se:Abstract>The size of each symbol is related to the classification defined for each commodity (or group of commodities). The classification (A, B, C, D: A=very large B=large C=Medium D = small) is defined with the commodities code-list (see Annex F).</se:Abstract>
        </se:Description>
        <se:FeatureTypeName>mr:MineralOccurrence.Commodity.PreciousMetals</se:FeatureTypeName>

        <!-- Gold [Au] -->
        
        <se:Rule>
        <se:Description>
          <se:Title>precious metals: gold [Au] (very large deposit)</se:Title>
        </se:Description>
          <ogc:Filter>
          <ogc:And>
            <ogc:PropertyIsEqualTo>
              <ogc:PropertyName>mr:PreciousMetals</ogc:PropertyName>
              <ogc:Literal>Gold</ogc:Literal>
            </ogc:PropertyIsEqualTo>
            <ogc:PropertyIsEqualTo>
              <ogc:PropertyName>mr:VeryLargeDeposit</ogc:PropertyName>
              <ogc:Literal>500</ogc:Literal>
            </ogc:PropertyIsEqualTo>
          </ogc:And>
          </ogc:Filter>
          <se:PointSymbolizer>
            <se:Geometry>
              <ogc:PropertyName>mr:geometry</ogc:PropertyName>
            </se:Geometry>
            <se:Graphic>
              <se:Mark>
                <se:WellKnownName>circle</se:WellKnownName>
                <se:Fill>
                  <se:SvgParameter name="fill">#FFFF00</se:SvgParameter>
                </se:Fill>
                <se:Stroke>
                  <se:SvgParameter name="stroke">#000000</se:SvgParameter>
                  <se:SvgParameter name="stroke-width">1</se:SvgParameter>
                </se:Stroke>
              </se:Mark>
              <se:Size>10</se:Size>
            </se:Graphic>
          </se:PointSymbolizer>
        </se:Rule>

        <se:Rule>
        <se:Description>
          <se:Title>precious metals: gold [Au] (large deposit)</se:Title>
        </se:Description>
          <ogc:Filter>
          <ogc:And>
            <ogc:PropertyIsEqualTo>
              <ogc:PropertyName>mr:PreciousMetals</ogc:PropertyName>
              <ogc:Literal>Gold</ogc:Literal>
            </ogc:PropertyIsEqualTo>
            <ogc:PropertyIsEqualTo>
              <ogc:PropertyName>mr:LargeDeposit</ogc:PropertyName>
              <ogc:Literal>100</ogc:Literal>
            </ogc:PropertyIsEqualTo>
          </ogc:And>
          </ogc:Filter>
          <se:PointSymbolizer>
            <se:Geometry>
              <ogc:PropertyName>mr:geometry</ogc:PropertyName>
            </se:Geometry>
            <se:Graphic>
              <se:Mark>
                <se:WellKnownName>circle</se:WellKnownName>
                <se:Fill>
                  <se:SvgParameter name="fill">#FFFF00</se:SvgParameter>
                </se:Fill>
                <se:Stroke>
                  <se:SvgParameter name="stroke">#000000</se:SvgParameter>
                  <se:SvgParameter name="stroke-width">1</se:SvgParameter>
                </se:Stroke>
              </se:Mark>
              <se:Size>7</se:Size>
            </se:Graphic>
          </se:PointSymbolizer>
        </se:Rule>
        
        <se:Rule>
        <se:Description>
          <se:Title>precious metals: gold [Au] (medium deposit)</se:Title>
        </se:Description>
          <ogc:Filter>
          <ogc:And>
            <ogc:PropertyIsEqualTo>
              <ogc:PropertyName>mr:PreciousMetals</ogc:PropertyName>
              <ogc:Literal>Gold</ogc:Literal>
            </ogc:PropertyIsEqualTo>
            <ogc:PropertyIsEqualTo>
              <ogc:PropertyName>mr:MediumDeposit</ogc:PropertyName>
              <ogc:Literal>10</ogc:Literal>
            </ogc:PropertyIsEqualTo>
          </ogc:And>
          </ogc:Filter>
          <se:PointSymbolizer>
            <se:Geometry>
              <ogc:PropertyName>mr:geometry</ogc:PropertyName>
            </se:Geometry>
            <se:Graphic>
              <se:Mark>
                <se:WellKnownName>circle</se:WellKnownName>
                <se:Fill>
                  <se:SvgParameter name="fill">#FFFF00</se:SvgParameter>
                </se:Fill>
                <se:Stroke>
                  <se:SvgParameter name="stroke">#000000</se:SvgParameter>
                  <se:SvgParameter name="stroke-width">1</se:SvgParameter>
                </se:Stroke>
              </se:Mark>
              <se:Size>5</se:Size>
            </se:Graphic>
          </se:PointSymbolizer>
        </se:Rule>
        
        <se:Rule>
        <se:Description>
          <se:Title>precious metals: gold [Au] (small deposit)</se:Title>
        </se:Description>
          <ogc:Filter>
          <ogc:And>
            <ogc:PropertyIsEqualTo>
              <ogc:PropertyName>mr:PreciousMetals</ogc:PropertyName>
              <ogc:Literal>Gold</ogc:Literal>
            </ogc:PropertyIsEqualTo>
            <ogc:PropertyIsEqualTo>
              <ogc:PropertyName>mr:SmallDeposit</ogc:PropertyName>
              <ogc:Literal>1</ogc:Literal>
            </ogc:PropertyIsEqualTo>
          </ogc:And>
          </ogc:Filter>
          <se:PointSymbolizer>
            <se:Geometry>
              <ogc:PropertyName>mr:geometry</ogc:PropertyName>
            </se:Geometry>
            <se:Graphic>
              <se:Mark>
                <se:WellKnownName>circle</se:WellKnownName>
                <se:Fill>
                  <se:SvgParameter name="fill">#FFFF00</se:SvgParameter>
                </se:Fill>
                <se:Stroke>
                  <se:SvgParameter name="stroke">#000000</se:SvgParameter>
                  <se:SvgParameter name="stroke-width">1</se:SvgParameter>
                </se:Stroke>
              </se:Mark>
              <se:Size>2.5</se:Size>
            </se:Graphic>
          </se:PointSymbolizer>
        </se:Rule>
        
        <!-- Silver [Ag] -->
        
        <se:Rule>
        <se:Description>
          <se:Title>precious metals: silver [Ag] (very large deposit)</se:Title>
        </se:Description>
          <ogc:Filter>
          <ogc:And>
            <ogc:PropertyIsEqualTo>
              <ogc:PropertyName>mr:PreciousMetals</ogc:PropertyName>
              <ogc:Literal>Silver</ogc:Literal>
            </ogc:PropertyIsEqualTo>
            <ogc:PropertyIsEqualTo>
              <ogc:PropertyName>mr:VeryLargeDeposit</ogc:PropertyName>
              <ogc:Literal>10000</ogc:Literal>
            </ogc:PropertyIsEqualTo>
          </ogc:And>
          </ogc:Filter>
          <se:PointSymbolizer>
            <se:Geometry>
              <ogc:PropertyName>mr:geometry</ogc:PropertyName>
            </se:Geometry>
            <se:Graphic>
              <se:Mark>
                <se:WellKnownName>circle</se:WellKnownName>
                <se:Fill>
                  <se:SvgParameter name="fill">#CCCCFF</se:SvgParameter>
                </se:Fill>
                <se:Stroke>
                  <se:SvgParameter name="stroke">#000000</se:SvgParameter>
                  <se:SvgParameter name="stroke-width">1</se:SvgParameter>
                </se:Stroke>
              </se:Mark>
              <se:Size>10</se:Size>
            </se:Graphic>
          </se:PointSymbolizer>
        </se:Rule>

        <se:Rule>
        <se:Description>
          <se:Title>precious metals: silver [Ag] (large deposit)</se:Title>
        </se:Description>
          <ogc:Filter>
          <ogc:And>
            <ogc:PropertyIsEqualTo>
              <ogc:PropertyName>mr:PreciousMetals</ogc:PropertyName>
              <ogc:Literal>Silver</ogc:Literal>
            </ogc:PropertyIsEqualTo>
            <ogc:PropertyIsEqualTo>
              <ogc:PropertyName>mr:LargeDeposit</ogc:PropertyName>
              <ogc:Literal>2500</ogc:Literal>
            </ogc:PropertyIsEqualTo>
          </ogc:And>
          </ogc:Filter>
          <se:PointSymbolizer>
            <se:Geometry>
              <ogc:PropertyName>mr:geometry</ogc:PropertyName>
            </se:Geometry>
            <se:Graphic>
              <se:Mark>
                <se:WellKnownName>circle</se:WellKnownName>
                <se:Fill>
                  <se:SvgParameter name="fill">#CCCCFF</se:SvgParameter>
                </se:Fill>
                <se:Stroke>
                  <se:SvgParameter name="stroke">#000000</se:SvgParameter>
                  <se:SvgParameter name="stroke-width">1</se:SvgParameter>
                </se:Stroke>
              </se:Mark>
              <se:Size>7</se:Size>
            </se:Graphic>
          </se:PointSymbolizer>
        </se:Rule>
        
        <se:Rule>
        <se:Description>
          <se:Title>precious metals: silver [Ag] (medium deposit)</se:Title>
        </se:Description>
          <ogc:Filter>
          <ogc:And>
            <ogc:PropertyIsEqualTo>
              <ogc:PropertyName>mr:PreciousMetals</ogc:PropertyName>
              <ogc:Literal>Silver</ogc:Literal>
            </ogc:PropertyIsEqualTo>
            <ogc:PropertyIsEqualTo>
              <ogc:PropertyName>mr:MediumDeposit</ogc:PropertyName>
              <ogc:Literal>500</ogc:Literal>
            </ogc:PropertyIsEqualTo>
          </ogc:And>
          </ogc:Filter>
          <se:PointSymbolizer>
            <se:Geometry>
              <ogc:PropertyName>mr:geometry</ogc:PropertyName>
            </se:Geometry>
            <se:Graphic>
              <se:Mark>
                <se:WellKnownName>circle</se:WellKnownName>
                <se:Fill>
                  <se:SvgParameter name="fill">#CCCCFF</se:SvgParameter>
                </se:Fill>
                <se:Stroke>
                  <se:SvgParameter name="stroke">#000000</se:SvgParameter>
                  <se:SvgParameter name="stroke-width">1</se:SvgParameter>
                </se:Stroke>
              </se:Mark>
              <se:Size>5</se:Size>
            </se:Graphic>
          </se:PointSymbolizer>
        </se:Rule>
        
        <se:Rule>
        <se:Description>
          <se:Title>precious metals: silver [Ag] (small deposit)</se:Title>
        </se:Description>
          <ogc:Filter>
          <ogc:And>
            <ogc:PropertyIsEqualTo>
              <ogc:PropertyName>mr:PreciousMetals</ogc:PropertyName>
              <ogc:Literal>Silver</ogc:Literal>
            </ogc:PropertyIsEqualTo>
            <ogc:PropertyIsEqualTo>
              <ogc:PropertyName>mr:SmallDeposit</ogc:PropertyName>
              <ogc:Literal>100</ogc:Literal>
            </ogc:PropertyIsEqualTo>
          </ogc:And>
          </ogc:Filter>
          <se:PointSymbolizer>
            <se:Geometry>
              <ogc:PropertyName>mr:geometry</ogc:PropertyName>
            </se:Geometry>
            <se:Graphic>
              <se:Mark>
                <se:WellKnownName>circle</se:WellKnownName>
                <se:Fill>
                  <se:SvgParameter name="fill">#CCCCFF</se:SvgParameter>
                </se:Fill>
                <se:Stroke>
                  <se:SvgParameter name="stroke">#000000</se:SvgParameter>
                  <se:SvgParameter name="stroke-width">1</se:SvgParameter>
                </se:Stroke>
              </se:Mark>
              <se:Size>2.5</se:Size>
            </se:Graphic>
          </se:PointSymbolizer>
        </se:Rule>
        
        <!-- PGE - Platinum group elements [Pltd] -->
        
        <se:Rule>
        <se:Description>
          <se:Title>precious metals: PGE - platinum group elements [Pltd] (very large deposit)</se:Title>
        </se:Description>
          <ogc:Filter>
          <ogc:And>
            <ogc:PropertyIsEqualTo>
              <ogc:PropertyName>mr:PreciousMetals</ogc:PropertyName>
              <ogc:Literal>PGE</ogc:Literal>
            </ogc:PropertyIsEqualTo>
            <ogc:PropertyIsEqualTo>
              <ogc:PropertyName>mr:VeryLargeDeposit</ogc:PropertyName>
              <ogc:Literal>1000</ogc:Literal>
            </ogc:PropertyIsEqualTo>
          </ogc:And>
          </ogc:Filter>
          <se:PointSymbolizer>
            <se:Geometry>
              <ogc:PropertyName>mr:geometry</ogc:PropertyName>
            </se:Geometry>
            <se:Graphic>
              <se:Mark>
                <se:WellKnownName>circle</se:WellKnownName>
                <se:Fill>
                  <se:SvgParameter name="fill">#F8F8F8</se:SvgParameter>
                </se:Fill>
                <se:Stroke>
                  <se:SvgParameter name="stroke">#000000</se:SvgParameter>
                  <se:SvgParameter name="stroke-width">1</se:SvgParameter>
                </se:Stroke>
              </se:Mark>
              <se:Size>10</se:Size>
            </se:Graphic>
          </se:PointSymbolizer>
        </se:Rule>

        <se:Rule>
        <se:Description>
          <se:Title>precious metals: PGE - platinum group elements [Pltd] (large deposit)</se:Title>
        </se:Description>
          <ogc:Filter>
          <ogc:And>
            <ogc:PropertyIsEqualTo>
              <ogc:PropertyName>mr:PreciousMetals</ogc:PropertyName>
              <ogc:Literal>PGE</ogc:Literal>
            </ogc:PropertyIsEqualTo>
            <ogc:PropertyIsEqualTo>
              <ogc:PropertyName>mr:LargeDeposit</ogc:PropertyName>
              <ogc:Literal>100</ogc:Literal>
            </ogc:PropertyIsEqualTo>
          </ogc:And>
          </ogc:Filter>
          <se:PointSymbolizer>
            <se:Geometry>
              <ogc:PropertyName>mr:geometry</ogc:PropertyName>
            </se:Geometry>
            <se:Graphic>
              <se:Mark>
                <se:WellKnownName>circle</se:WellKnownName>
                <se:Fill>
                  <se:SvgParameter name="fill">#F8F8F8</se:SvgParameter>
                </se:Fill>
                <se:Stroke>
                  <se:SvgParameter name="stroke">#000000</se:SvgParameter>
                  <se:SvgParameter name="stroke-width">1</se:SvgParameter>
                </se:Stroke>
              </se:Mark>
              <se:Size>7</se:Size>
            </se:Graphic>
          </se:PointSymbolizer>
        </se:Rule>
        
        <se:Rule>
        <se:Description>
          <se:Title>precious metals: PGE - platinum group elements [Pltd] (medium deposit)</se:Title>
        </se:Description>
          <ogc:Filter>
          <ogc:And>
            <ogc:PropertyIsEqualTo>
              <ogc:PropertyName>mr:PreciousMetals</ogc:PropertyName>
              <ogc:Literal>PGE</ogc:Literal>
            </ogc:PropertyIsEqualTo>
            <ogc:PropertyIsEqualTo>
              <ogc:PropertyName>mr:MediumDeposit</ogc:PropertyName>
              <ogc:Literal>10</ogc:Literal>
            </ogc:PropertyIsEqualTo>
          </ogc:And>
          </ogc:Filter>
          <se:PointSymbolizer>
            <se:Geometry>
              <ogc:PropertyName>mr:geometry</ogc:PropertyName>
            </se:Geometry>
            <se:Graphic>
              <se:Mark>
                <se:WellKnownName>circle</se:WellKnownName>
                <se:Fill>
                  <se:SvgParameter name="fill">#F8F8F8</se:SvgParameter>
                </se:Fill>
                <se:Stroke>
                  <se:SvgParameter name="stroke">#000000</se:SvgParameter>
                  <se:SvgParameter name="stroke-width">1</se:SvgParameter>
                </se:Stroke>
              </se:Mark>
              <se:Size>5</se:Size>
            </se:Graphic>
          </se:PointSymbolizer>
        </se:Rule>
        
        <se:Rule>
        <se:Description>
          <se:Title>precious metals: PGE - platinum group elements [Pltd] (small deposit)</se:Title>
        </se:Description>
          <ogc:Filter>
          <ogc:And>
            <ogc:PropertyIsEqualTo>
              <ogc:PropertyName>mr:PreciousMetals</ogc:PropertyName>
              <ogc:Literal>PGE</ogc:Literal>
            </ogc:PropertyIsEqualTo>
            <ogc:PropertyIsEqualTo>
              <ogc:PropertyName>mr:SmallDeposit</ogc:PropertyName>
              <ogc:Literal>1</ogc:Literal>
            </ogc:PropertyIsEqualTo>
          </ogc:And>
          </ogc:Filter>
          <se:PointSymbolizer>
            <se:Geometry>
              <ogc:PropertyName>mr:geometry</ogc:PropertyName>
            </se:Geometry>
            <se:Graphic>
              <se:Mark>
                <se:WellKnownName>circle</se:WellKnownName>
                <se:Fill>
                  <se:SvgParameter name="fill">#F8F8F8</se:SvgParameter>
                </se:Fill>
                <se:Stroke>
                  <se:SvgParameter name="stroke">#000000</se:SvgParameter>
                  <se:SvgParameter name="stroke-width">1</se:SvgParameter>
                </se:Stroke>
              </se:Mark>
              <se:Size>2.5</se:Size>
            </se:Graphic>
          </se:PointSymbolizer>
        </se:Rule>

      </se:FeatureTypeStyle>
    </sld:UserStyle>
  </sld:NamedLayer>
</sld:StyledLayerDescriptor>