<?xml version='1.0' encoding='UTF-8'?>
<!-- FBurkamp: Kontent und Abstract der SLD nach NZ-Specification ergänzt. (2017-06-21 18:04) 

TEMPLATE: dies ein Template, alle Mineralien, Metalle oder Substanzen die dem Thema "level of risk - "type of hazard" flood" zugeordnet werden können, können dieses Modell verwenden.
-->
<sld:StyledLayerDescriptor xmlns:sld="http://www.opengis.net/sld" xmlns:ogc="http://www.opengis.net/ogc" xmlns:se="http://www.opengis.net/se" xmlns:xlink="http://www.w3.org/1999/xlink" xmlns:xsi="http://www.w3.org/2001/XMLSchema-instance" version="1.1.0" xsi:schemaLocation="http://www.opengis.net/sld http://schemas.opengis.net/sld/1.1.0/StyledLayerDescriptor.xsd">
  <sld:NamedLayer>
    <se:Name>NZ.HazardArea.MagnitudeOrIntensity.TypeOfHazardFlood</se:Name>
    <sld:UserStyle>
      <se:Name>NZ.HazardArea.MagnitudeOrIntensity.TypeOfHazardFlood.Default</se:Name>
      <sld:IsDefault>1</sld:IsDefault>
      <se:FeatureTypeStyle version="1.1.0" xmlns:nz="http://inspire.ec.europa.eu/schemas/nz/4.0">
        <se:Description>
          <se:Title>Type Of Hazard Flood Default Style</se:Title>
          <se:Abstract>This style is for the representation of hazard levels data as polygons or grid cells (coverage). The hazard categories are usually represented using a colour ramp from clear to darker (low to high hazard) depending on the attribute included in "magnitudeOrIntensity". The example below shows a forest fire hazard map (coverage) and a flood hazard map (feature).</se:Abstract>
        </se:Description>
        <!-- <se:FeatureTypeName>am:HazardArea</se:FeatureTypeName> -->

        <se:Rule>
        <se:Description>
          <se:Title>"type of hazard" flood: Anschlaglinie HQextrem</se:Title>
        </se:Description>
          <ogc:Filter>
            <ogc:PropertyIsEqualTo>
              <ogc:PropertyName>LevelOfRisk</ogc:PropertyName>
              <ogc:Literal>StopLineHQextrem</ogc:Literal>
            </ogc:PropertyIsEqualTo>
          </ogc:Filter>
          <se:PolygonSymbolizer>
            <se:Geometry>
              <ogc:PropertyName>nz:geometry</ogc:PropertyName>
            </se:Geometry>
            <se:Stroke>
              <se:SvgParameter name="stroke">#105092</se:SvgParameter>
              <se:SvgParameter name="stroke-width">0.5</se:SvgParameter>
            </se:Stroke>
          </se:PolygonSymbolizer>
        </se:Rule>
        
        <!-- <se:FeatureTypeName>am:WaterDepth</se:FeatureTypeName> -->
        
        <se:Rule>
        <se:Description>
          <se:Title>Wassertiefen: 0 - 0,5 m</se:Title>
        </se:Description>
          <ogc:Filter>
            <ogc:PropertyIsEqualTo>
              <ogc:PropertyName>WaterDepth</ogc:PropertyName>
              <ogc:Literal>0-0,5m</ogc:Literal>
            </ogc:PropertyIsEqualTo>
          </ogc:Filter>
          <se:PolygonSymbolizer>
            <se:Geometry>
              <ogc:PropertyName>nz:geometry</ogc:PropertyName>
            </se:Geometry>
            <se:Fill>
              <se:SvgParameter name="fill">#DAF3FF</se:SvgParameter>
            </se:Fill>
          </se:PolygonSymbolizer>
        </se:Rule>
        
        <se:Rule>
        <se:Description>
          <se:Title>Wassertiefen: 0,5 - 1 m</se:Title>
        </se:Description>
          <ogc:Filter>
            <ogc:PropertyIsEqualTo>
              <ogc:PropertyName>WaterDepth</ogc:PropertyName>
              <ogc:Literal>0,5-1m</ogc:Literal>
            </ogc:PropertyIsEqualTo>
          </ogc:Filter>
          <se:PolygonSymbolizer>
            <se:Geometry>
              <ogc:PropertyName>nz:geometry</ogc:PropertyName>
            </se:Geometry>
            <se:Fill>
              <se:SvgParameter name="fill">#B9DBFF</se:SvgParameter>
            </se:Fill>
          </se:PolygonSymbolizer>
        </se:Rule>
        
        <se:Rule>
        <se:Description>
          <se:Title>Wassertiefen: 1 - 2 m</se:Title>
        </se:Description>
          <ogc:Filter>
            <ogc:PropertyIsEqualTo>
              <ogc:PropertyName>WaterDepth</ogc:PropertyName>
              <ogc:Literal>1-2m</ogc:Literal>
            </ogc:PropertyIsEqualTo>
          </ogc:Filter>
          <se:PolygonSymbolizer>
            <se:Geometry>
              <ogc:PropertyName>nz:geometry</ogc:PropertyName>
            </se:Geometry>
            <se:Fill>
              <se:SvgParameter name="fill">#94B8FF</se:SvgParameter>
            </se:Fill>
          </se:PolygonSymbolizer>
        </se:Rule>
        
        <se:Rule>
        <se:Description>
          <se:Title>Wassertiefen: 2 - 4 m</se:Title>
        </se:Description>
          <ogc:Filter>
            <ogc:PropertyIsEqualTo>
              <ogc:PropertyName>WaterDepth</ogc:PropertyName>
              <ogc:Literal>2-4m</ogc:Literal>
            </ogc:PropertyIsEqualTo>
          </ogc:Filter>
          <se:PolygonSymbolizer>
            <se:Geometry>
              <ogc:PropertyName>nz:geometry</ogc:PropertyName>
            </se:Geometry>
            <se:Fill>
              <se:SvgParameter name="fill">#7999FC</se:SvgParameter>
            </se:Fill>
          </se:PolygonSymbolizer>
        </se:Rule>
        
        <se:Rule>
        <se:Description>
          <se:Title>Wassertiefen: > 4 m</se:Title>
        </se:Description>
          <ogc:Filter>
            <ogc:PropertyIsEqualTo>
              <ogc:PropertyName>WaterDepth</ogc:PropertyName>
              <ogc:Literal>>4m</ogc:Literal>
            </ogc:PropertyIsEqualTo>
          </ogc:Filter>
          <se:PolygonSymbolizer>
            <se:Geometry>
              <ogc:PropertyName>nz:geometry</ogc:PropertyName>
            </se:Geometry>
            <se:Fill>
              <se:SvgParameter name="fill">#556CDD</se:SvgParameter>
            </se:Fill>
          </se:PolygonSymbolizer>
        </se:Rule>
        
        <!-- Line -->
        
        <se:Rule>
        <se:Description>
          <se:Title>Hochwasserschutzeinrichtungen</se:Title>
        </se:Description>
          <ogc:Filter>
            <ogc:PropertyIsEqualTo>
              <ogc:PropertyName>WaterDepth</ogc:PropertyName>
              <ogc:Literal>FloodControlFacilities</ogc:Literal>
            </ogc:PropertyIsEqualTo>
          </ogc:Filter>
          <se:LineSymbolizer>
            <se:Geometry>
              <ogc:PropertyName>nz:geometry</ogc:PropertyName>
            </se:Geometry>
            <se:Stroke>
              <se:SvgParameter name="stroke">#9D9D9D</se:SvgParameter>
              <se:SvgParameter name="stroke-width">1</se:SvgParameter>
              <se:SvgParameter name="stroke-dasharray">10 10</se:SvgParameter>
            </se:Stroke>
          </se:LineSymbolizer>
        </se:Rule>
        
        <!-- Polygon -->
        
        <se:Rule>
        <se:Description>
          <se:Title>"type of hazard" flood: Landkreis</se:Title>
        </se:Description>
          <ogc:Filter>
            <ogc:PropertyIsEqualTo>
              <ogc:PropertyName>LevelOfRisk</ogc:PropertyName>
              <ogc:Literal>AdministrativeDistrict</ogc:Literal>
            </ogc:PropertyIsEqualTo>
          </ogc:Filter>
          <se:PolygonSymbolizer>
            <se:Geometry>
              <ogc:PropertyName>nz:geometry</ogc:PropertyName>
            </se:Geometry>
            <se:Stroke>
              <se:SvgParameter name="stroke">#9D9D9D</se:SvgParameter>
              <se:SvgParameter name="stroke-width">1</se:SvgParameter>
              <se:SvgParameter name="stroke-dasharray">10 3 1 3</se:SvgParameter>
            </se:Stroke>
          </se:PolygonSymbolizer>
        </se:Rule>
        
        <se:Rule>
        <se:Description>
          <se:Title>"type of hazard" flood: Gemeinde</se:Title>
        </se:Description>
          <ogc:Filter>
            <ogc:PropertyIsEqualTo>
              <ogc:PropertyName>LevelOfRisk</ogc:PropertyName>
              <ogc:Literal>Municipality</ogc:Literal>
            </ogc:PropertyIsEqualTo>
          </ogc:Filter>
          <se:PolygonSymbolizer>
            <se:Geometry>
              <ogc:PropertyName>nz:geometry</ogc:PropertyName>
            </se:Geometry>
            <se:Stroke>
              <se:SvgParameter name="stroke">#9D9D9D</se:SvgParameter>
              <se:SvgParameter name="stroke-width">1</se:SvgParameter>
            </se:Stroke>
          </se:PolygonSymbolizer>
        </se:Rule>
        
        <!-- <se:FeatureTypeName>am:FlowVelocity</se:FeatureTypeName> -->
        
        <se:Rule>
        <se:Description>
          <se:Title>Fließgeschwindigkeiten: 0.2 - 0.5 m/s</se:Title>
        </se:Description>
          <ogc:Filter>
            <ogc:PropertyIsEqualTo>
              <ogc:PropertyName>FlowVelocity</ogc:PropertyName>
              <ogc:Literal>0.2-0.5m/s</ogc:Literal>
            </ogc:PropertyIsEqualTo>
          </ogc:Filter>
          <se:LineSymbolizer>
            <se:Geometry>
              <ogc:PropertyName>nz:geometry</ogc:PropertyName>
            </se:Geometry>
            <se:Stroke>
              <se:SvgParameter name="stroke">#00FF00</se:SvgParameter>
              <se:SvgParameter name="stroke-width">3</se:SvgParameter>
              <se:SvgParameter name="stroke-dasharray">10 10</se:SvgParameter>
            </se:Stroke>
          </se:LineSymbolizer>
        </se:Rule>
        
        <se:Rule>
        <se:Description>
          <se:Title>Fließgeschwindigkeiten: 0.5 - 2 m/s</se:Title>
        </se:Description>
          <ogc:Filter>
            <ogc:PropertyIsEqualTo>
              <ogc:PropertyName>FlowVelocity</ogc:PropertyName>
              <ogc:Literal>0.5-2m/s</ogc:Literal>
            </ogc:PropertyIsEqualTo>
          </ogc:Filter>
          <se:LineSymbolizer>
            <se:Geometry>
              <ogc:PropertyName>nz:geometry</ogc:PropertyName>
            </se:Geometry>
            <se:Stroke>
              <se:SvgParameter name="stroke">#FFFF00</se:SvgParameter>
              <se:SvgParameter name="stroke-width">3</se:SvgParameter>
              <se:SvgParameter name="stroke-dasharray">10 10</se:SvgParameter>
            </se:Stroke>
          </se:LineSymbolizer>
        </se:Rule>
        
        <se:Rule>
        <se:Description>
          <se:Title>Fließgeschwindigkeiten: > 2 m/s</se:Title>
        </se:Description>
          <ogc:Filter>
            <ogc:PropertyIsEqualTo>
              <ogc:PropertyName>FlowVelocity</ogc:PropertyName>
              <ogc:Literal>>2m/s</ogc:Literal>
            </ogc:PropertyIsEqualTo>
          </ogc:Filter>
          <se:LineSymbolizer>
            <se:Geometry>
              <ogc:PropertyName>nz:geometry</ogc:PropertyName>
            </se:Geometry>
            <se:Stroke>
              <se:SvgParameter name="stroke">#FF0000</se:SvgParameter>
              <se:SvgParameter name="stroke-width">3</se:SvgParameter>
              <se:SvgParameter name="stroke-dasharray">10 10</se:SvgParameter>
            </se:Stroke>
          </se:LineSymbolizer>
        </se:Rule>

      </se:FeatureTypeStyle>
    </sld:UserStyle>
  </sld:NamedLayer>
</sld:StyledLayerDescriptor>