<?xml version='1.0' encoding='UTF-8'?>
<!--
   Source http://inspire.jrc.ec.europa.eu/documents/Data_Specifications/INSPIRE_DataSpecification_PF_v3.0.pdf

   XML is invalid against StyledLayerDescriptor.xsd! 
   Element '{http://www.opengis.net/se}Graphic': This element is not expected. Expected is one of ( {http://www.opengis.net/se}Fill, {http://www.opengis.net/se}Stroke, {http://www.opengis.net/se}Displacement, {http://www.opengis.net/se}PerpendicularOffset )., line 20 

   http://github.com/JuergenWeichand/inspire-styles (2016-09-18 12:48:42)
-->
<!-- FBurkamp: Kontent der SLD nach Abstract ergänzt. (2017-06-02 14:18) -->
<sld:StyledLayerDescriptor xmlns:sld="http://www.opengis.net/sld" xmlns:ogc="http://www.opengis.net/ogc" xmlns:se="http://www.opengis.net/se" xmlns:xlink="http://www.w3.org/1999/xlink" xmlns:xsi="http://www.w3.org/2001/XMLSchema-instance" version="1.1.0" xsi:schemaLocation="http://www.opengis.net/sld http://schemas.opengis.net/sld/1.1.0/StyledLayerDescriptor.xsd">
  <sld:NamedLayer>
    <se:Name>PF.ProductionFacility</se:Name>
    <sld:UserStyle>
      <se:Name>PF.ProductionFacility.Default</se:Name>
      <sld:IsDefault>1</sld:IsDefault>
      <se:FeatureTypeStyle version="1.1.0" xmlns:pf="http://inspire.ec.europa.eu/schemas/pf/4.0">
        <se:Description>
          <se:Title>Production Facility Default Style</se:Title>
          <se:Abstract>Point geometries are rendered as a square with a size of 3 pixels, with a 50% grey (#FF0000) fill and a black (#000000) outline.</se:Abstract>
        </se:Description>
        <se:FeatureTypeName>pf:ProductionFacility</se:FeatureTypeName>
        <se:Rule>
        <se:Description>
          <se:Title>production facility</se:Title>
        </se:Description>
          <se:MinScaleDenominator>1</se:MinScaleDenominator>
          <se:MaxScaleDenominator>25000</se:MaxScaleDenominator>
          <se:PointSymbolizer>
            <se:Geometry>
              <ogc:PropertyName>pf:geometry</ogc:PropertyName>
            </se:Geometry>
            <se:Graphic>
              <se:Mark>
                <se:WellKnownName>circle</se:WellKnownName>
                <se:Fill>
                  <se:SvgParameter name="fill">#FF0000</se:SvgParameter>
                </se:Fill>
                <se:Stroke>
                  <se:SvgParameter name="stroke">#000000</se:SvgParameter>
                  <se:SvgParameter name="stroke-width">1</se:SvgParameter>
                </se:Stroke>
              </se:Mark>
              <se:Size>3</se:Size>
            </se:Graphic>
          </se:PointSymbolizer>
        </se:Rule>
      </se:FeatureTypeStyle>
    </sld:UserStyle>
  </sld:NamedLayer>
</sld:StyledLayerDescriptor>
