<?xml version='1.0' encoding='UTF-8'?>
<!--
   Source http://inspire.jrc.ec.europa.eu/documents/Data_Specifications/INSPIRE_DataSpecification_PF_v3.0.pdf

   XML is invalid against StyledLayerDescriptor.xsd! 
   Element '{http://www.opengis.net/se}Graphic': This element is not expected. Expected is one of ( {http://www.opengis.net/se}Fill, {http://www.opengis.net/se}Stroke, {http://www.opengis.net/se}Displacement, {http://www.opengis.net/se}PerpendicularOffset )., line 20 

   http://github.com/JuergenWeichand/inspire-styles (2016-09-18 12:48:42)
-->
<!-- FBurkamp: Abstract und Kontent der SLD nach PF-Specification ergänzt. SLD war vorher inhaltslos, aber dennoch valide. (2017-06-12 16:56) -->
<sld:StyledLayerDescriptor version="1.1.0" xsi:schemaLocation="http://www.opengis.net/sld http://schemas.opengis.net/sld/1.1.0/StyledLayerDescriptor.xsd" xmlns:sld="http://www.opengis.net/sld" xmlns:ogc="http://www.opengis.net/ogc" xmlns:se="http://www.opengis.net/se" xmlns:xlink="http://www.w3.org/1999/xlink" xmlns:xsi="http://www.w3.org/2001/XMLSchema-instance">
  <sld:NamedLayer>
    <se:Name>PF.ProductionInstallationPart</se:Name>
      <sld:UserStyle>
      <se:Name>PF.ProductionInstallationPart.Default</se:Name>
      <sld:IsDefault>1</sld:IsDefault>
      <se:FeatureTypeStyle version="1.1.0" xmlns:pf="http://inspire.ec.europa.eu/schemas/pf/4.0">
        <se:Description>
          <se:Title>Production Installation Part Default Style</se:Title>
          <se:Abstract>The geometry is rendered as a circle with a size of 3 pixel, with a purple (#800080) fill and a black outline (#000000).</se:Abstract>
        </se:Description>
        <se:FeatureTypeName>pf:ProductionInstallationPart</se:FeatureTypeName>
        <se:Rule>
        <se:Description>
          <se:Title>production installation part</se:Title>
        </se:Description>
          <se:MinScaleDenominator>1000</se:MinScaleDenominator>
          <se:MaxScaleDenominator>25000</se:MaxScaleDenominator>
          <se:PointSymbolizer>
            <se:Geometry>
              <ogc:PropertyName>pf:geometry</ogc:PropertyName>
            </se:Geometry>
            <se:Graphic>
              <se:Mark>
                <se:WellKnownName>circle</se:WellKnownName>
                <se:Fill>
                  <se:SvgParameter name="fill">#800080</se:SvgParameter>
                </se:Fill>
                <se:Stroke>
                  <se:SvgParameter name="stroke">#000000</se:SvgParameter>
                  <se:SvgParameter name="stroke-width">1</se:SvgParameter>
                </se:Stroke>
              </se:Mark>
              <se:Size>3</se:Size>
            </se:Graphic>
          </se:PointSymbolizer>
        </se:Rule>
      </se:FeatureTypeStyle>
    </sld:UserStyle>
  </sld:NamedLayer>
</sld:StyledLayerDescriptor>

