<?xml version='1.0' encoding='UTF-8'?>
<!--
   Source http://inspire.jrc.ec.europa.eu/documents/Data_Specifications/INSPIRE_DataSpecification_PF_v3.0.pdf

   XML is invalid against StyledLayerDescriptor.xsd! 
   Element '{http://www.opengis.net/se}Graphic': This element is not expected. Expected is one of ( {http://www.opengis.net/se}Fill, {http://www.opengis.net/se}Stroke, {http://www.opengis.net/se}Displacement, {http://www.opengis.net/se}PerpendicularOffset )., line 20 

   http://github.com/JuergenWeichand/inspire-styles (2016-09-18 12:48:42)
-->
<!-- FBurkamp: Kontent der SLD nach Abstract ergänzt. (2017-06-02 14:18) -->
<sld:StyledLayerDescriptor xmlns:sld="http://www.opengis.net/sld" xmlns:ogc="http://www.opengis.net/ogc" xmlns:se="http://www.opengis.net/se" xmlns:xlink="http://www.w3.org/1999/xlink" xmlns:xsi="http://www.w3.org/2001/XMLSchema-instance" version="1.1.0" xsi:schemaLocation="http://www.opengis.net/sld http://schemas.opengis.net/sld/1.1.0/StyledLayerDescriptor.xsd">
  <sld:NamedLayer>
    <se:Name>PF.ProductionSite</se:Name>
    <sld:UserStyle>
      <se:Name>PF.ProductionSite.Default</se:Name>
      <sld:IsDefault>1</sld:IsDefault>
      <se:FeatureTypeStyle version="1.1.0" xmlns:pf="http://inspire.ec.europa.eu/schemas/pf/4.0">
        <se:Description>
          <se:Title>Production Site Default Style</se:Title>
          <se:Abstract>The geometry is rendered using fill color Pink (#FF00FF) and a solid Black outline with a stroke width of 1 pixel. Label is rendered in Arial size 10 black (#000000).</se:Abstract>
        </se:Description>
        <se:FeatureTypeName>pf:ProductionSite</se:FeatureTypeName>
        <se:Rule>
        <se:Description>
          <se:Title>production site</se:Title>
        </se:Description>
          <se:MinScaleDenominator>1</se:MinScaleDenominator>
          <se:MaxScaleDenominator>25000</se:MaxScaleDenominator>
          <se:PolygonSymbolizer>
            <se:Geometry>
              <ogc:PropertyName>pf:geometry</ogc:PropertyName>
            </se:Geometry>
            <se:Fill>
              <se:SvgParameter name="fill">#FF00FF</se:SvgParameter>
            </se:Fill>
            <se:Stroke>
              <se:SvgParameter name="stroke">#000000</se:SvgParameter>
              <se:SvgParameter name="stroke-width">1</se:SvgParameter>
            </se:Stroke>
          </se:PolygonSymbolizer>
        </se:Rule>
        <se:Rule>
        <se:Description>
          <se:Title>label: production site</se:Title>
        </se:Description>
          <se:MinScaleDenominator>1</se:MinScaleDenominator>
          <se:MaxScaleDenominator>25000</se:MaxScaleDenominator>
          <se:TextSymbolizer>
            <se:Geometry>
              <ogc:PropertyName>pf:referencePoint</ogc:PropertyName>
            </se:Geometry>
            <se:Label>
              <ogc:PropertyName>pf:label</ogc:PropertyName>
            </se:Label>
            <se:Font>
              <se:SvgParameter name="font-family">Arial</se:SvgParameter>
              <se:SvgParameter name="font-size">10</se:SvgParameter>
            </se:Font>
            <se:Fill>
              <se:SvgParameter name="fill">#000000</se:SvgParameter>
            </se:Fill>
          </se:TextSymbolizer>
        </se:Rule>
      </se:FeatureTypeStyle>
    </sld:UserStyle>
  </sld:NamedLayer>
</sld:StyledLayerDescriptor>
