<?xml version='1.0' encoding='UTF-8'?>
<!--
   Source http://inspire.jrc.ec.europa.eu/documents/Data_Specifications/INSPIRE_DataSpecification_PF_v3.0.pdf

   XML is invalid against StyledLayerDescriptor.xsd! 
   Element '{http://www.opengis.net/se}Graphic': This element is not expected. Expected is one of ( {http://www.opengis.net/se}Fill, {http://www.opengis.net/se}Stroke, {http://www.opengis.net/se}Displacement, {http://www.opengis.net/se}PerpendicularOffset )., line 20 

   http://github.com/JuergenWeichand/inspire-styles (2016-09-18 12:48:42)
-->
<!-- FBurkamp: Kontent der SLD nach Abstract ergänzt. (2017-06-02 14:04) -->
<sld:StyledLayerDescriptor version="1.1.0" xsi:schemaLocation="http://www.opengis.net/sld http://schemas.opengis.net/sld/1.1.0/StyledLayerDescriptor.xsd" xmlns:sld="http://www.opengis.net/sld" xmlns:ogc="http://www.opengis.net/ogc" xmlns:se="http://www.opengis.net/se" xmlns:xlink="http://www.w3.org/1999/xlink" xmlns:xsi="http://www.w3.org/2001/XMLSchema-instance">
  <sld:NamedLayer>
    <se:Name>PF.ProductionPlot.Default</se:Name>
    <sld:UserStyle>
      <se:Name>PF.ProductionPlot.Default</se:Name>
      <sld:IsDefault>1</sld:IsDefault>
      <se:FeatureTypeStyle version="1.1.0" xmlns:pf="http://inspire.ec.europa.eu/schemas/pf/4.0">
        <se:Description>
          <se:Title>Production Plot Default Style</se:Title>
          <se:Abstract>The geometry is rendered using a grey (#A9A9A9) fill and a solid Yellow (#FFFF00) outline with a stroke width of 1 pixel.</se:Abstract>
        </se:Description>
        <se:FeatureTypeName>pf:ProductionPlot</se:FeatureTypeName>
        <se:Rule>
        <se:Description>
          <se:Title>production plot</se:Title>
        </se:Description>
          <se:MinScaleDenominator>5000</se:MinScaleDenominator>
          <se:MaxScaleDenominator>25000</se:MaxScaleDenominator>
          <se:PolygonSymbolizer>
            <se:Geometry>
              <ogc:PropertyName>pf:geometry</ogc:PropertyName>
            </se:Geometry>
            <se:Fill>
              <se:SvgParameter name="fill">#A9A9A9</se:SvgParameter>
            </se:Fill>
            <se:Stroke>
              <se:SvgParameter name="stroke">#FFFF00</se:SvgParameter>
              <se:SvgParameter name="stroke-width">1</se:SvgParameter>
            </se:Stroke>
          </se:PolygonSymbolizer>
        </se:Rule>
      </se:FeatureTypeStyle>
    </sld:UserStyle>
  </sld:NamedLayer>
</sld:StyledLayerDescriptor>