<?xml version='1.0' encoding='UTF-8'?>
<!-- FBurkamp: Kontent nach SO-Specification ergänzt. (2017-07-07 09:04) -->
<sld:StyledLayerDescriptor xmlns:sld="http://www.opengis.net/sld" xmlns:ogc="http://www.opengis.net/ogc" xmlns:se="http://www.opengis.net/se" xmlns:xlink="http://www.w3.org/1999/xlink" xmlns:xsi="http://www.w3.org/2001/XMLSchema-instance" version="1.1.0" xsi:schemaLocation="http://www.opengis.net/sld http://schemas.opengis.net/sld/1.1.0/StyledLayerDescriptor.xsd">
  <sld:NamedLayer>
    <se:Name>SO.SoilSite.WRB</se:Name>
    <sld:UserStyle>
      <se:Name>SO.SoilSite.WRB.Default</se:Name>
      <sld:IsDefault>1</sld:IsDefault>
      <se:FeatureTypeStyle version="1.1.0" xmlns:so="http://inspire.ec.europa.eu/schemas/so/4.0">
        <se:Description>
          <se:Title>Soil Body WRB Default Style</se:Title>
          <se:Abstract>In the data specifications for SOIL, any instance of the SoilBody object 'is described by' one or more instances of the DerivedSoilProfile object. If the WRBSoilName attribute of these instances hold valid values (i.e. values of the type WRBSoilNameType), one could derive (through an algorithm) a WRB Reference Soil Group value to be associated with the instance of the SoilBody object. The style SO.SoilBody.WRB is for filling the polygons defined by the geometry attribute with a colour associated with the computed WRB Reference Soil Group. This SO.SoilBody.WRB style additionally outlines the polygons as defined in the SO.SoilBody.Default style. There is one colour defined for each of the 32 WRB Reference Soil Groups (RSG):</se:Abstract>
        </se:Description>
        <se:FeatureTypeName>so:SoilBodyWRB</se:FeatureTypeName>
        
        <se:Rule>
        <se:Description>
          <se:Title>soil body: wrb - acrisol (ac)</se:Title>
        </se:Description>
          <ogc:Filter>
            <ogc:PropertyIsEqualTo>
              <ogc:PropertyName>so:WRBSoilName</ogc:PropertyName>
              <ogc:Literal>Acrisol</ogc:Literal>
            </ogc:PropertyIsEqualTo>
          </ogc:Filter>
          <se:PolygonSymbolizer>
            <se:Geometry>
              <ogc:PropertyName>so:geometry</ogc:PropertyName>
            </se:Geometry>
            <se:Fill>
              <se:SvgParameter name="fill">#F79804</se:SvgParameter>
            </se:Fill>
            <se:Stroke>
              <se:SvgParameter name="stroke">#000000</se:SvgParameter>
              <se:SvgParameter name="stroke-width">1</se:SvgParameter>
            </se:Stroke>
          </se:PolygonSymbolizer>
        </se:Rule>
        
        <se:Rule>
        <se:Description>
          <se:Title>soil body: wrb - albeluvisol (ab)</se:Title>
        </se:Description>
          <ogc:Filter>
            <ogc:PropertyIsEqualTo>
              <ogc:PropertyName>so:WRBSoilName</ogc:PropertyName>
              <ogc:Literal>Albeluvisol</ogc:Literal>
            </ogc:PropertyIsEqualTo>
          </ogc:Filter>
          <se:PolygonSymbolizer>
            <se:Geometry>
              <ogc:PropertyName>so:geometry</ogc:PropertyName>
            </se:Geometry>
            <se:Fill>
              <se:SvgParameter name="fill">#FEC2C2</se:SvgParameter>
            </se:Fill>
            <se:Stroke>
              <se:SvgParameter name="stroke">#000000</se:SvgParameter>
              <se:SvgParameter name="stroke-width">1</se:SvgParameter>
            </se:Stroke>
          </se:PolygonSymbolizer>
        </se:Rule>
        
        <se:Rule>
        <se:Description>
          <se:Title>soil body: wrb - alisol (al)</se:Title>
        </se:Description>
          <ogc:Filter>
            <ogc:PropertyIsEqualTo>
              <ogc:PropertyName>so:WRBSoilName</ogc:PropertyName>
              <ogc:Literal>Alisol</ogc:Literal>
            </ogc:PropertyIsEqualTo>
          </ogc:Filter>
          <se:PolygonSymbolizer>
            <se:Geometry>
              <ogc:PropertyName>so:geometry</ogc:PropertyName>
            </se:Geometry>
            <se:Fill>
              <se:SvgParameter name="fill">#FFFFBE</se:SvgParameter>
            </se:Fill>
            <se:Stroke>
              <se:SvgParameter name="stroke">#000000</se:SvgParameter>
              <se:SvgParameter name="stroke-width">1</se:SvgParameter>
            </se:Stroke>
          </se:PolygonSymbolizer>
        </se:Rule>
        
        <se:Rule>
        <se:Description>
          <se:Title>soil body: wrb - andosol (an)</se:Title>
        </se:Description>
          <ogc:Filter>
            <ogc:PropertyIsEqualTo>
              <ogc:PropertyName>so:WRBSoilName</ogc:PropertyName>
              <ogc:Literal>Andosol</ogc:Literal>
            </ogc:PropertyIsEqualTo>
          </ogc:Filter>
          <se:PolygonSymbolizer>
            <se:Geometry>
              <ogc:PropertyName>so:geometry</ogc:PropertyName>
            </se:Geometry>
            <se:Fill>
              <se:SvgParameter name="fill">#FE0000</se:SvgParameter>
            </se:Fill>
            <se:Stroke>
              <se:SvgParameter name="stroke">#000000</se:SvgParameter>
              <se:SvgParameter name="stroke-width">1</se:SvgParameter>
            </se:Stroke>
          </se:PolygonSymbolizer>
        </se:Rule>
        
        <se:Rule>
        <se:Description>
          <se:Title>soil body: wrb - anthrosol (at)</se:Title>
        </se:Description>
          <ogc:Filter>
            <ogc:PropertyIsEqualTo>
              <ogc:PropertyName>so:WRBSoilName</ogc:PropertyName>
              <ogc:Literal>Anthrosol</ogc:Literal>
            </ogc:PropertyIsEqualTo>
          </ogc:Filter>
          <se:PolygonSymbolizer>
            <se:Geometry>
              <ogc:PropertyName>so:geometry</ogc:PropertyName>
            </se:Geometry>
            <se:Fill>
              <se:SvgParameter name="fill">#CF9804</se:SvgParameter>
            </se:Fill>
            <se:Stroke>
              <se:SvgParameter name="stroke">#000000</se:SvgParameter>
              <se:SvgParameter name="stroke-width">1</se:SvgParameter>
            </se:Stroke>
          </se:PolygonSymbolizer>
        </se:Rule>
        
        <se:Rule>
        <se:Description>
          <se:Title>soil body: wrb - arenosol (ar)</se:Title>
        </se:Description>
          <ogc:Filter>
            <ogc:PropertyIsEqualTo>
              <ogc:PropertyName>so:WRBSoilName</ogc:PropertyName>
              <ogc:Literal>Arenosol</ogc:Literal>
            </ogc:PropertyIsEqualTo>
          </ogc:Filter>
          <se:PolygonSymbolizer>
            <se:Geometry>
              <ogc:PropertyName>so:geometry</ogc:PropertyName>
            </se:Geometry>
            <se:Fill>
              <se:SvgParameter name="fill">#F5D4A1</se:SvgParameter>
            </se:Fill>
            <se:Stroke>
              <se:SvgParameter name="stroke">#000000</se:SvgParameter>
              <se:SvgParameter name="stroke-width">1</se:SvgParameter>
            </se:Stroke>
          </se:PolygonSymbolizer>
        </se:Rule>
        
        <se:Rule>
        <se:Description>
          <se:Title>soil body: wrb - calcisol (cl)</se:Title>
        </se:Description>
          <ogc:Filter>
            <ogc:PropertyIsEqualTo>
              <ogc:PropertyName>so:WRBSoilName</ogc:PropertyName>
              <ogc:Literal>Calcisol</ogc:Literal>
            </ogc:PropertyIsEqualTo>
          </ogc:Filter>
          <se:PolygonSymbolizer>
            <se:Geometry>
              <ogc:PropertyName>so:geometry</ogc:PropertyName>
            </se:Geometry>
            <se:Fill>
              <se:SvgParameter name="fill">#FEF400</se:SvgParameter>
            </se:Fill>
            <se:Stroke>
              <se:SvgParameter name="stroke">#000000</se:SvgParameter>
              <se:SvgParameter name="stroke-width">1</se:SvgParameter>
            </se:Stroke>
          </se:PolygonSymbolizer>
        </se:Rule>
        
        <se:Rule>
        <se:Description>
          <se:Title>soil body: wrb - cambisol (cm)</se:Title>
        </se:Description>
          <ogc:Filter>
            <ogc:PropertyIsEqualTo>
              <ogc:PropertyName>so:WRBSoilName</ogc:PropertyName>
              <ogc:Literal>Cambisol</ogc:Literal>
            </ogc:PropertyIsEqualTo>
          </ogc:Filter>
          <se:PolygonSymbolizer>
            <se:Geometry>
              <ogc:PropertyName>so:geometry</ogc:PropertyName>
            </se:Geometry>
            <se:Fill>
              <se:SvgParameter name="fill">#FEBE00</se:SvgParameter>
            </se:Fill>
            <se:Stroke>
              <se:SvgParameter name="stroke">#000000</se:SvgParameter>
              <se:SvgParameter name="stroke-width">1</se:SvgParameter>
            </se:Stroke>
          </se:PolygonSymbolizer>
        </se:Rule>
        
        <se:Rule>
        <se:Description>
          <se:Title>soil body: wrb - chernozem (ch)</se:Title>
        </se:Description>
          <ogc:Filter>
            <ogc:PropertyIsEqualTo>
              <ogc:PropertyName>so:WRBSoilName</ogc:PropertyName>
              <ogc:Literal>Chernozem</ogc:Literal>
            </ogc:PropertyIsEqualTo>
          </ogc:Filter>
          <se:PolygonSymbolizer>
            <se:Geometry>
              <ogc:PropertyName>so:geometry</ogc:PropertyName>
            </se:Geometry>
            <se:Fill>
              <se:SvgParameter name="fill">#914D35</se:SvgParameter>
            </se:Fill>
            <se:Stroke>
              <se:SvgParameter name="stroke">#000000</se:SvgParameter>
              <se:SvgParameter name="stroke-width">1</se:SvgParameter>
            </se:Stroke>
          </se:PolygonSymbolizer>
        </se:Rule>
        
        <se:Rule>
        <se:Description>
          <se:Title>soil body: wrb - cryosol (cr)</se:Title>
        </se:Description>
          <ogc:Filter>
            <ogc:PropertyIsEqualTo>
              <ogc:PropertyName>so:WRBSoilName</ogc:PropertyName>
              <ogc:Literal>Cryosol</ogc:Literal>
            </ogc:PropertyIsEqualTo>
          </ogc:Filter>
          <se:PolygonSymbolizer>
            <se:Geometry>
              <ogc:PropertyName>so:geometry</ogc:PropertyName>
            </se:Geometry>
            <se:Fill>
              <se:SvgParameter name="fill">#4B3DAC</se:SvgParameter>
            </se:Fill>
            <se:Stroke>
              <se:SvgParameter name="stroke">#000000</se:SvgParameter>
              <se:SvgParameter name="stroke-width">1</se:SvgParameter>
            </se:Stroke>
          </se:PolygonSymbolizer>
        </se:Rule>
        
        <se:Rule>
        <se:Description>
          <se:Title>soil body: wrb - durisol (du)</se:Title>
        </se:Description>
          <ogc:Filter>
            <ogc:PropertyIsEqualTo>
              <ogc:PropertyName>so:WRBSoilName</ogc:PropertyName>
              <ogc:Literal>Durisol</ogc:Literal>
            </ogc:PropertyIsEqualTo>
          </ogc:Filter>
          <se:PolygonSymbolizer>
            <se:Geometry>
              <ogc:PropertyName>so:geometry</ogc:PropertyName>
            </se:Geometry>
            <se:Fill>
              <se:SvgParameter name="fill">#EFE4BE</se:SvgParameter>
            </se:Fill>
            <se:Stroke>
              <se:SvgParameter name="stroke">#000000</se:SvgParameter>
              <se:SvgParameter name="stroke-width">1</se:SvgParameter>
            </se:Stroke>
          </se:PolygonSymbolizer>
        </se:Rule>
        
        <se:Rule>
        <se:Description>
          <se:Title>soil body: wrb - Ferralsol (fr)</se:Title>
        </se:Description>
          <ogc:Filter>
            <ogc:PropertyIsEqualTo>
              <ogc:PropertyName>so:WRBSoilName</ogc:PropertyName>
              <ogc:Literal>Ferralsol</ogc:Literal>
            </ogc:PropertyIsEqualTo>
          </ogc:Filter>
          <se:PolygonSymbolizer>
            <se:Geometry>
              <ogc:PropertyName>so:geometry</ogc:PropertyName>
            </se:Geometry>
            <se:Fill>
              <se:SvgParameter name="fill">#FF8721</se:SvgParameter>
            </se:Fill>
            <se:Stroke>
              <se:SvgParameter name="stroke">#000000</se:SvgParameter>
              <se:SvgParameter name="stroke-width">1</se:SvgParameter>
            </se:Stroke>
          </se:PolygonSymbolizer>
        </se:Rule>
        
        <se:Rule>
        <se:Description>
          <se:Title>soil body: wrb - fluvisol (fl)</se:Title>
        </se:Description>
          <ogc:Filter>
            <ogc:PropertyIsEqualTo>
              <ogc:PropertyName>so:WRBSoilName</ogc:PropertyName>
              <ogc:Literal>Fluvisol</ogc:Literal>
            </ogc:PropertyIsEqualTo>
          </ogc:Filter>
          <se:PolygonSymbolizer>
            <se:Geometry>
              <ogc:PropertyName>so:geometry</ogc:PropertyName>
            </se:Geometry>
            <se:Fill>
              <se:SvgParameter name="fill">#00FEFD</se:SvgParameter>
            </se:Fill>
            <se:Stroke>
              <se:SvgParameter name="stroke">#000000</se:SvgParameter>
              <se:SvgParameter name="stroke-width">1</se:SvgParameter>
            </se:Stroke>
          </se:PolygonSymbolizer>
        </se:Rule>
        
        <se:Rule>
        <se:Description>
          <se:Title>soil body: wrb - gleysol (gl)</se:Title>
        </se:Description>
          <ogc:Filter>
            <ogc:PropertyIsEqualTo>
              <ogc:PropertyName>so:WRBSoilName</ogc:PropertyName>
              <ogc:Literal>Gleysol</ogc:Literal>
            </ogc:PropertyIsEqualTo>
          </ogc:Filter>
          <se:PolygonSymbolizer>
            <se:Geometry>
              <ogc:PropertyName>so:geometry</ogc:PropertyName>
            </se:Geometry>
            <se:Fill>
              <se:SvgParameter name="fill">#8083D9</se:SvgParameter>
            </se:Fill>
            <se:Stroke>
              <se:SvgParameter name="stroke">#000000</se:SvgParameter>
              <se:SvgParameter name="stroke-width">1</se:SvgParameter>
            </se:Stroke>
          </se:PolygonSymbolizer>
        </se:Rule>
        
        <se:Rule>
        <se:Description>
          <se:Title>soil body: wrb - gypsisol (gy)</se:Title>
        </se:Description>
          <ogc:Filter>
            <ogc:PropertyIsEqualTo>
              <ogc:PropertyName>so:WRBSoilName</ogc:PropertyName>
              <ogc:Literal>Gypsisol</ogc:Literal>
            </ogc:PropertyIsEqualTo>
          </ogc:Filter>
          <se:PolygonSymbolizer>
            <se:Geometry>
              <ogc:PropertyName>so:geometry</ogc:PropertyName>
            </se:Geometry>
            <se:Fill>
              <se:SvgParameter name="fill">#FEF6A4</se:SvgParameter>
            </se:Fill>
            <se:Stroke>
              <se:SvgParameter name="stroke">#000000</se:SvgParameter>
              <se:SvgParameter name="stroke-width">1</se:SvgParameter>
            </se:Stroke>
          </se:PolygonSymbolizer>
        </se:Rule>
        
        <se:Rule>
        <se:Description>
          <se:Title>soil body: wrb - histosol (hs)</se:Title>
        </se:Description>
          <ogc:Filter>
            <ogc:PropertyIsEqualTo>
              <ogc:PropertyName>so:WRBSoilName</ogc:PropertyName>
              <ogc:Literal>Histosol</ogc:Literal>
            </ogc:PropertyIsEqualTo>
          </ogc:Filter>
          <se:PolygonSymbolizer>
            <se:Geometry>
              <ogc:PropertyName>so:geometry</ogc:PropertyName>
            </se:Geometry>
            <se:Fill>
              <se:SvgParameter name="fill">#706B66</se:SvgParameter>
            </se:Fill>
            <se:Stroke>
              <se:SvgParameter name="stroke">#000000</se:SvgParameter>
              <se:SvgParameter name="stroke-width">1</se:SvgParameter>
            </se:Stroke>
          </se:PolygonSymbolizer>
        </se:Rule>
        
        <se:Rule>
        <se:Description>
          <se:Title>soil body: wrb - kastanozem (ks)</se:Title>
        </se:Description>
          <ogc:Filter>
            <ogc:PropertyIsEqualTo>
              <ogc:PropertyName>so:WRBSoilName</ogc:PropertyName>
              <ogc:Literal>Kastanozem</ogc:Literal>
            </ogc:PropertyIsEqualTo>
          </ogc:Filter>
          <se:PolygonSymbolizer>
            <se:Geometry>
              <ogc:PropertyName>so:geometry</ogc:PropertyName>
            </se:Geometry>
            <se:Fill>
              <se:SvgParameter name="fill">#CA937F</se:SvgParameter>
            </se:Fill>
            <se:Stroke>
              <se:SvgParameter name="stroke">#000000</se:SvgParameter>
              <se:SvgParameter name="stroke-width">1</se:SvgParameter>
            </se:Stroke>
          </se:PolygonSymbolizer>
        </se:Rule>
        
        <se:Rule>
        <se:Description>
          <se:Title>soil body: wrb - kastanozem (ks)</se:Title>
        </se:Description>
          <ogc:Filter>
            <ogc:PropertyIsEqualTo>
              <ogc:PropertyName>so:WRBSoilName</ogc:PropertyName>
              <ogc:Literal>Kastanozem</ogc:Literal>
            </ogc:PropertyIsEqualTo>
          </ogc:Filter>
          <se:PolygonSymbolizer>
            <se:Geometry>
              <ogc:PropertyName>so:geometry</ogc:PropertyName>
            </se:Geometry>
            <se:Fill>
              <se:SvgParameter name="fill">#CA937F</se:SvgParameter>
            </se:Fill>
            <se:Stroke>
              <se:SvgParameter name="stroke">#000000</se:SvgParameter>
              <se:SvgParameter name="stroke-width">1</se:SvgParameter>
            </se:Stroke>
          </se:PolygonSymbolizer>
        </se:Rule>
        
        <se:Rule>
        <se:Description>
          <se:Title>soil body: wrb - leptosol (lp)</se:Title>
        </se:Description>
          <ogc:Filter>
            <ogc:PropertyIsEqualTo>
              <ogc:PropertyName>so:WRBSoilName</ogc:PropertyName>
              <ogc:Literal>Leptosol</ogc:Literal>
            </ogc:PropertyIsEqualTo>
          </ogc:Filter>
          <se:PolygonSymbolizer>
            <se:Geometry>
              <ogc:PropertyName>so:geometry</ogc:PropertyName>
            </se:Geometry>
            <se:Fill>
              <se:SvgParameter name="fill">#D1D1D1</se:SvgParameter>
            </se:Fill>
            <se:Stroke>
              <se:SvgParameter name="stroke">#000000</se:SvgParameter>
              <se:SvgParameter name="stroke-width">1</se:SvgParameter>
            </se:Stroke>
          </se:PolygonSymbolizer>
        </se:Rule>
        
        <se:Rule>
        <se:Description>
          <se:Title>soil body: wrb - lixisol (lx)</se:Title>
        </se:Description>
          <ogc:Filter>
            <ogc:PropertyIsEqualTo>
              <ogc:PropertyName>so:WRBSoilName</ogc:PropertyName>
              <ogc:Literal>Lixisol</ogc:Literal>
            </ogc:PropertyIsEqualTo>
          </ogc:Filter>
          <se:PolygonSymbolizer>
            <se:Geometry>
              <ogc:PropertyName>so:geometry</ogc:PropertyName>
            </se:Geometry>
            <se:Fill>
              <se:SvgParameter name="fill">#FFBEBE</se:SvgParameter>
            </se:Fill>
            <se:Stroke>
              <se:SvgParameter name="stroke">#000000</se:SvgParameter>
              <se:SvgParameter name="stroke-width">1</se:SvgParameter>
            </se:Stroke>
          </se:PolygonSymbolizer>
        </se:Rule>
        
        <se:Rule>
        <se:Description>
          <se:Title>soil body: wrb - luvisol (lv)</se:Title>
        </se:Description>
          <ogc:Filter>
            <ogc:PropertyIsEqualTo>
              <ogc:PropertyName>so:WRBSoilName</ogc:PropertyName>
              <ogc:Literal>Luvisol</ogc:Literal>
            </ogc:PropertyIsEqualTo>
          </ogc:Filter>
          <se:PolygonSymbolizer>
            <se:Geometry>
              <ogc:PropertyName>so:geometry</ogc:PropertyName>
            </se:Geometry>
            <se:Fill>
              <se:SvgParameter name="fill">#FA8484</se:SvgParameter>
            </se:Fill>
            <se:Stroke>
              <se:SvgParameter name="stroke">#000000</se:SvgParameter>
              <se:SvgParameter name="stroke-width">1</se:SvgParameter>
            </se:Stroke>
          </se:PolygonSymbolizer>
        </se:Rule>
        
        <se:Rule>
        <se:Description>
          <se:Title>soil body: wrb - nitisol (nt)</se:Title>
        </se:Description>
          <ogc:Filter>
            <ogc:PropertyIsEqualTo>
              <ogc:PropertyName>so:WRBSoilName</ogc:PropertyName>
              <ogc:Literal>Nitisol</ogc:Literal>
            </ogc:PropertyIsEqualTo>
          </ogc:Filter>
          <se:PolygonSymbolizer>
            <se:Geometry>
              <ogc:PropertyName>so:geometry</ogc:PropertyName>
            </se:Geometry>
            <se:Fill>
              <se:SvgParameter name="fill">#FFA77F</se:SvgParameter>
            </se:Fill>
            <se:Stroke>
              <se:SvgParameter name="stroke">#000000</se:SvgParameter>
              <se:SvgParameter name="stroke-width">1</se:SvgParameter>
            </se:Stroke>
          </se:PolygonSymbolizer>
        </se:Rule>
        
        <se:Rule>
        <se:Description>
          <se:Title>soil body: wrb - phaeozem (ph)</se:Title>
        </se:Description>
          <ogc:Filter>
            <ogc:PropertyIsEqualTo>
              <ogc:PropertyName>so:WRBSoilName</ogc:PropertyName>
              <ogc:Literal>Phaeozem</ogc:Literal>
            </ogc:PropertyIsEqualTo>
          </ogc:Filter>
          <se:PolygonSymbolizer>
            <se:Geometry>
              <ogc:PropertyName>so:geometry</ogc:PropertyName>
            </se:Geometry>
            <se:Fill>
              <se:SvgParameter name="fill">#BD6446</se:SvgParameter>
            </se:Fill>
            <se:Stroke>
              <se:SvgParameter name="stroke">#000000</se:SvgParameter>
              <se:SvgParameter name="stroke-width">1</se:SvgParameter>
            </se:Stroke>
          </se:PolygonSymbolizer>
        </se:Rule>
        
        <se:Rule>
        <se:Description>
          <se:Title>soil body: wrb - planosol (pl)</se:Title>
        </se:Description>
          <ogc:Filter>
            <ogc:PropertyIsEqualTo>
              <ogc:PropertyName>so:WRBSoilName</ogc:PropertyName>
              <ogc:Literal>Planosol</ogc:Literal>
            </ogc:PropertyIsEqualTo>
          </ogc:Filter>
          <se:PolygonSymbolizer>
            <se:Geometry>
              <ogc:PropertyName>so:geometry</ogc:PropertyName>
            </se:Geometry>
            <se:Fill>
              <se:SvgParameter name="fill">#F77D3A</se:SvgParameter>
            </se:Fill>
            <se:Stroke>
              <se:SvgParameter name="stroke">#000000</se:SvgParameter>
              <se:SvgParameter name="stroke-width">1</se:SvgParameter>
            </se:Stroke>
          </se:PolygonSymbolizer>
        </se:Rule>
        
        <se:Rule>
        <se:Description>
          <se:Title>soil body: wrb - plinthosol (pt)</se:Title>
        </se:Description>
          <ogc:Filter>
            <ogc:PropertyIsEqualTo>
              <ogc:PropertyName>so:WRBSoilName</ogc:PropertyName>
              <ogc:Literal>Plinthosol</ogc:Literal>
            </ogc:PropertyIsEqualTo>
          </ogc:Filter>
          <se:PolygonSymbolizer>
            <se:Geometry>
              <ogc:PropertyName>so:geometry</ogc:PropertyName>
            </se:Geometry>
            <se:Fill>
              <se:SvgParameter name="fill">#730000</se:SvgParameter>
            </se:Fill>
            <se:Stroke>
              <se:SvgParameter name="stroke">#000000</se:SvgParameter>
              <se:SvgParameter name="stroke-width">1</se:SvgParameter>
            </se:Stroke>
          </se:PolygonSymbolizer>
        </se:Rule>
        
        <se:Rule>
        <se:Description>
          <se:Title>soil body: wrb - podzol (pz)</se:Title>
        </se:Description>
          <ogc:Filter>
            <ogc:PropertyIsEqualTo>
              <ogc:PropertyName>so:WRBSoilName</ogc:PropertyName>
              <ogc:Literal>Podzol</ogc:Literal>
            </ogc:PropertyIsEqualTo>
          </ogc:Filter>
          <se:PolygonSymbolizer>
            <se:Geometry>
              <ogc:PropertyName>so:geometry</ogc:PropertyName>
            </se:Geometry>
            <se:Fill>
              <se:SvgParameter name="fill">#0CD900</se:SvgParameter>
            </se:Fill>
            <se:Stroke>
              <se:SvgParameter name="stroke">#000000</se:SvgParameter>
              <se:SvgParameter name="stroke-width">1</se:SvgParameter>
            </se:Stroke>
          </se:PolygonSymbolizer>
        </se:Rule>
        
        <se:Rule>
        <se:Description>
          <se:Title>soil body: wrb - regosol (rg)</se:Title>
        </se:Description>
          <ogc:Filter>
            <ogc:PropertyIsEqualTo>
              <ogc:PropertyName>so:WRBSoilName</ogc:PropertyName>
              <ogc:Literal>Regosol</ogc:Literal>
            </ogc:PropertyIsEqualTo>
          </ogc:Filter>
          <se:PolygonSymbolizer>
            <se:Geometry>
              <ogc:PropertyName>so:geometry</ogc:PropertyName>
            </se:Geometry>
            <se:Fill>
              <se:SvgParameter name="fill">#FEE3A4</se:SvgParameter>
            </se:Fill>
            <se:Stroke>
              <se:SvgParameter name="stroke">#000000</se:SvgParameter>
              <se:SvgParameter name="stroke-width">1</se:SvgParameter>
            </se:Stroke>
          </se:PolygonSymbolizer>
        </se:Rule>
        
        <se:Rule>
        <se:Description>
          <se:Title>soil body: wrb - solonchak (sc)</se:Title>
        </se:Description>
          <ogc:Filter>
            <ogc:PropertyIsEqualTo>
              <ogc:PropertyName>so:WRBSoilName</ogc:PropertyName>
              <ogc:Literal>Solonchak</ogc:Literal>
            </ogc:PropertyIsEqualTo>
          </ogc:Filter>
          <se:PolygonSymbolizer>
            <se:Geometry>
              <ogc:PropertyName>so:geometry</ogc:PropertyName>
            </se:Geometry>
            <se:Fill>
              <se:SvgParameter name="fill">#FE00FA</se:SvgParameter>
            </se:Fill>
            <se:Stroke>
              <se:SvgParameter name="stroke">#000000</se:SvgParameter>
              <se:SvgParameter name="stroke-width">1</se:SvgParameter>
            </se:Stroke>
          </se:PolygonSymbolizer>
        </se:Rule>
        
        <se:Rule>
        <se:Description>
          <se:Title>soil body: wrb - solonetz (sn)</se:Title>
        </se:Description>
          <ogc:Filter>
            <ogc:PropertyIsEqualTo>
              <ogc:PropertyName>so:WRBSoilName</ogc:PropertyName>
              <ogc:Literal>Solonetz</ogc:Literal>
            </ogc:PropertyIsEqualTo>
          </ogc:Filter>
          <se:PolygonSymbolizer>
            <se:Geometry>
              <ogc:PropertyName>so:geometry</ogc:PropertyName>
            </se:Geometry>
            <se:Fill>
              <se:SvgParameter name="fill">#F9C2FE</se:SvgParameter>
            </se:Fill>
            <se:Stroke>
              <se:SvgParameter name="stroke">#000000</se:SvgParameter>
              <se:SvgParameter name="stroke-width">1</se:SvgParameter>
            </se:Stroke>
          </se:PolygonSymbolizer>
        </se:Rule>
        
        <se:Rule>
        <se:Description>
          <se:Title>soil body: wrb - stagnosols (st)</se:Title>
        </se:Description>
          <ogc:Filter>
            <ogc:PropertyIsEqualTo>
              <ogc:PropertyName>so:WRBSoilName</ogc:PropertyName>
              <ogc:Literal>Stagnosols</ogc:Literal>
            </ogc:PropertyIsEqualTo>
          </ogc:Filter>
          <se:PolygonSymbolizer>
            <se:Geometry>
              <ogc:PropertyName>so:geometry</ogc:PropertyName>
            </se:Geometry>
            <se:Fill>
              <se:SvgParameter name="fill">#40C0E9</se:SvgParameter>
            </se:Fill>
            <se:Stroke>
              <se:SvgParameter name="stroke">#000000</se:SvgParameter>
              <se:SvgParameter name="stroke-width">1</se:SvgParameter>
            </se:Stroke>
          </se:PolygonSymbolizer>
        </se:Rule>
        
        <se:Rule>
        <se:Description>
          <se:Title>soil body: wrb - technosols (tc)</se:Title>
        </se:Description>
          <ogc:Filter>
            <ogc:PropertyIsEqualTo>
              <ogc:PropertyName>so:WRBSoilName</ogc:PropertyName>
              <ogc:Literal>Technosols</ogc:Literal>
            </ogc:PropertyIsEqualTo>
          </ogc:Filter>
          <se:PolygonSymbolizer>
            <se:Geometry>
              <ogc:PropertyName>so:geometry</ogc:PropertyName>
            </se:Geometry>
            <se:Fill>
              <se:SvgParameter name="fill">#91009D</se:SvgParameter>
            </se:Fill>
            <se:Stroke>
              <se:SvgParameter name="stroke">#000000</se:SvgParameter>
              <se:SvgParameter name="stroke-width">1</se:SvgParameter>
            </se:Stroke>
          </se:PolygonSymbolizer>
        </se:Rule>
        
        <se:Rule>
        <se:Description>
          <se:Title>soil body: wrb - umbrisol (um)</se:Title>
        </se:Description>
          <ogc:Filter>
            <ogc:PropertyIsEqualTo>
              <ogc:PropertyName>so:WRBSoilName</ogc:PropertyName>
              <ogc:Literal>Umbrisol</ogc:Literal>
            </ogc:PropertyIsEqualTo>
          </ogc:Filter>
          <se:PolygonSymbolizer>
            <se:Geometry>
              <ogc:PropertyName>so:geometry</ogc:PropertyName>
            </se:Geometry>
            <se:Fill>
              <se:SvgParameter name="fill">#738E7F</se:SvgParameter>
            </se:Fill>
            <se:Stroke>
              <se:SvgParameter name="stroke">#000000</se:SvgParameter>
              <se:SvgParameter name="stroke-width">1</se:SvgParameter>
            </se:Stroke>
          </se:PolygonSymbolizer>
        </se:Rule>
        
        <se:Rule>
        <se:Description>
          <se:Title>soil body: wrb - vertisol (vr)</se:Title>
        </se:Description>
          <ogc:Filter>
            <ogc:PropertyIsEqualTo>
              <ogc:PropertyName>so:WRBSoilName</ogc:PropertyName>
              <ogc:Literal>Vertisol</ogc:Literal>
            </ogc:PropertyIsEqualTo>
          </ogc:Filter>
          <se:PolygonSymbolizer>
            <se:Geometry>
              <ogc:PropertyName>so:geometry</ogc:PropertyName>
            </se:Geometry>
            <se:Fill>
              <se:SvgParameter name="fill">#C500FF</se:SvgParameter>
            </se:Fill>
            <se:Stroke>
              <se:SvgParameter name="stroke">#000000</se:SvgParameter>
              <se:SvgParameter name="stroke-width">1</se:SvgParameter>
            </se:Stroke>
          </se:PolygonSymbolizer>
        </se:Rule>

      </se:FeatureTypeStyle>
    </sld:UserStyle>
  </sld:NamedLayer>
</sld:StyledLayerDescriptor>