<?xml version='1.0' encoding='UTF-8'?>
<!-- FBurkamp: Kontent der SLD nach US-Specification ergänzt. (2017-07-17 17:00) -->
<sld:StyledLayerDescriptor version="1.1.0" xsi:schemaLocation="http://www.opengis.net/sld http://schemas.opengis.net/sld/1.1.0/StyledLayerDescriptor.xsd" xmlns:sld="http://www.opengis.net/sld" xmlns:ogc="http://www.opengis.net/ogc" xmlns:se="http://www.opengis.net/se" xmlns:xlink="http://www.w3.org/1999/xlink" xmlns:xsi="http://www.w3.org/2001/XMLSchema-instance">
  <sld:NamedLayer>
    <se:Name>US.EnvironmentalManagementSite</se:Name>
    <sld:UserStyle>
      <se:Name>US.EnvironmentalManagementSite.Default</se:Name>
      <sld:IsDefault>1</sld:IsDefault>
        <se:FeatureTypeStyle version="1.1.0" xmlns:US="urn:xinspire: specification:EnvironmentalManagementFacility:3.1"  xmlns:us="http://inspire.ec.europa.eu/schemas/us/4.0">
        <se:Description>
          <se:Title>Environmental Management Facility Installation Default Style</se:Title>
          <se:Abstract>Point geometries are rendered as a circle with a size of 7 pixel, with a 50% grey (#808080) fill and a black outline. Line geometries are rendered as a solid black line with a stroke width of 1 pixel. Polygon geometries are rendered using a 50% grey (#808080) fill and a solid black outline with a stroke width of 1 pixel.</se:Abstract>
        </se:Description>
        <se:FeatureTypeName>us:EnvironmentalManagementSite</se:FeatureTypeName>
        <se:Rule>
        <se:Description>
          <se:Title>environmental management facility: site - point</se:Title>
        </se:Description>
        <ogc:Filter>
            <ogc:PropertyIsEqualTo>
              <ogc:PropertyName>us:Type</ogc:PropertyName>
              <ogc:Literal>site</ogc:Literal>
            </ogc:PropertyIsEqualTo>
        </ogc:Filter>
          <se:MinScaleDenominator>20000</se:MinScaleDenominator>
          <se:MaxScaleDenominator>50000</se:MaxScaleDenominator>
          <se:PointSymbolizer>
            <se:Geometry>
              <ogc:PropertyName>us:geometry</ogc:PropertyName>
            </se:Geometry>
            <se:Graphic>
              <se:Mark>
                <se:WellKnownName>circle</se:WellKnownName>
                <se:Fill>
                  <se:SvgParameter name="fill">#808080</se:SvgParameter>
                </se:Fill>
                <se:Stroke>
                  <se:SvgParameter name="stroke">#000000</se:SvgParameter>
                  <se:SvgParameter name="stroke-width">1</se:SvgParameter>
                </se:Stroke>
              </se:Mark>
              <se:Size>7</se:Size>
            </se:Graphic>
          </se:PointSymbolizer>
        </se:Rule>
        <se:Rule>
        <se:Description>
          <se:Title>environmental management facility: site - line</se:Title>
        </se:Description>
          <se:MinScaleDenominator>20000</se:MinScaleDenominator>
          <se:MaxScaleDenominator>50000</se:MaxScaleDenominator>
          <ogc:Filter>
            <ogc:PropertyIsEqualTo>
              <ogc:PropertyName>us:Type</ogc:PropertyName>
              <ogc:Literal>site</ogc:Literal>
            </ogc:PropertyIsEqualTo>
          </ogc:Filter>
          <se:LineSymbolizer>
            <se:Geometry>
              <ogc:PropertyName>us:geometry</ogc:PropertyName>
            </se:Geometry>
            <se:Stroke>
              <se:SvgParameter name="stroke">#000000</se:SvgParameter>
              <se:SvgParameter name="stroke-width">1</se:SvgParameter>
            </se:Stroke>
          </se:LineSymbolizer>
        </se:Rule>
        <se:Rule>
        <se:Description>
          <se:Title>environmental management facility: site - polygon</se:Title>
        </se:Description>
          <se:MinScaleDenominator>20000</se:MinScaleDenominator>
          <se:MaxScaleDenominator>50000</se:MaxScaleDenominator>
          <ogc:Filter>
            <ogc:PropertyIsEqualTo>
              <ogc:PropertyName>us:Type</ogc:PropertyName>
              <ogc:Literal>site</ogc:Literal>
            </ogc:PropertyIsEqualTo>
          </ogc:Filter>
          <se:PolygonSymbolizer>
            <se:Geometry>
              <ogc:PropertyName>us:geometry</ogc:PropertyName>
            </se:Geometry>
            <se:Fill>
              <se:SvgParameter name="fill">#808080</se:SvgParameter>
            </se:Fill>
            <se:Stroke>
              <se:SvgParameter name="stroke">#000000</se:SvgParameter>
              <se:SvgParameter name="stroke-width">1</se:SvgParameter>
            </se:Stroke>
          </se:PolygonSymbolizer>
        </se:Rule>
        </se:FeatureTypeStyle>
    </sld:UserStyle>
  </sld:NamedLayer>
</sld:StyledLayerDescriptor>