<?xml version='1.0' encoding='UTF-8'?>
<sld:StyledLayerDescriptor xmlns:sld="http://www.opengis.net/sld" xmlns:ogc="http://www.opengis.net/ogc" xmlns:se="http://www.opengis.net/se" xmlns:xlink="http://www.w3.org/1999/xlink" xmlns:xsi="http://www.w3.org/2001/XMLSchema-instance" version="1.1.0" xsi:schemaLocation="http://www.opengis.net/sld http://schemas.opengis.net/sld/1.1.0/StyledLayerDescriptor.xsd">
  <sld:NamedLayer>
    <se:Name>AD.Address</se:Name>
    <se:Description>
    	<se:Title>Addresses</se:Title>
    </se:Description>
    <sld:UserStyle>
      <se:Name>AD.Address.Default</se:Name>
      <sld:IsDefault>1</sld:IsDefault>
      <se:FeatureTypeStyle version="1.1.0" xmlns:ad="http://inspire.ec.europa.eu/schemas/ad/4.0">
        <se:Description>
          <se:Title>Address Default Style</se:Title>
          <se:Abstract> The point is rendered as 6 pixel square with black (#000000) border and white (#FFFFFF) fill, if the position of the address represents the postal delivery point, a point of utility service, the access point from the thoroughfare, or the entrance door or gate; 75% grey (#C0C0C0) fill, if the position of the address represents the building or parcel; 50% grey (#808080), if the position of the address represents the related segment of a thoroughfare; and 25% grey (#404040), otherwise.</se:Abstract>
        </se:Description>
        <se:FeatureTypeName>ad:Address</se:FeatureTypeName>
        <se:Rule>
        <se:Description>
          <se:Title>postal delivery - utility service - thoroughfare access - entrance: The highest accuracy - Exact Level - white</se:Title>
        </se:Description>
          <!-- -The highest accuracy - Exact Level - white- -->
          <ogc:Filter>
            <ogc:Or>
              <ogc:PropertyIsEqualTo>
          		<ogc:PropertyName>ad:position/ad:GeographicPosition/ad:specification/@xlink:href</ogc:PropertyName>
                <ogc:Literal>http://inspire.ec.europa.eu/codelist/GeometrySpecificationValue/postalDelivery</ogc:Literal>
              </ogc:PropertyIsEqualTo>
              <ogc:PropertyIsEqualTo>
          		<ogc:PropertyName>ad:position/ad:GeographicPosition/ad:specification/@xlink:href</ogc:PropertyName>
                <ogc:Literal>http://inspire.ec.europa.eu/codelist/GeometrySpecificationValue/utilityService</ogc:Literal>
              </ogc:PropertyIsEqualTo>
              <ogc:PropertyIsEqualTo>
          		<ogc:PropertyName>ad:position/ad:GeographicPosition/ad:specification/@xlink:href</ogc:PropertyName>
                <ogc:Literal>http://inspire.ec.europa.eu/codelist/GeometrySpecificationValue/thoroughfareAccess</ogc:Literal>
              </ogc:PropertyIsEqualTo>
              <ogc:PropertyIsEqualTo>
          		<ogc:PropertyName>ad:position/ad:GeographicPosition/ad:specification/@xlink:href</ogc:PropertyName>
                <ogc:Literal>http://inspire.ec.europa.eu/codelist/GeometrySpecificationValue/entrance</ogc:Literal>
              </ogc:PropertyIsEqualTo>
            </ogc:Or>
          </ogc:Filter>
          <se:PointSymbolizer>
            <se:Geometry>
        		<ogc:PropertyName>ad:position/ad:GeographicPosition/ad:geometry</ogc:PropertyName>
            </se:Geometry>
            <se:Graphic>
              <se:Mark>
                <se:WellKnownName>square</se:WellKnownName>
                <se:Fill>
                  <se:SvgParameter name="fill">#ffffff</se:SvgParameter>
                </se:Fill>
                <se:Stroke>
                  <se:SvgParameter name="stroke">#000000</se:SvgParameter>
                  <se:SvgParameter name="stroke-width">1</se:SvgParameter>
                </se:Stroke>
              </se:Mark>
              <se:Size>6</se:Size>
            </se:Graphic>
          </se:PointSymbolizer>
        </se:Rule>
        <se:Rule>
        <se:Description>
          <se:Title>building - parcel: The highest accuracy - Locator Level - 75% gray</se:Title>
        </se:Description>
          <!-- -The highest accuracy - Locator Level - 75% gray- -->
          <ogc:Filter>
            <ogc:Or>
              <ogc:PropertyIsEqualTo>
          		<ogc:PropertyName>ad:position/ad:GeographicPosition/ad:specification/@xlink:href</ogc:PropertyName>
                <ogc:Literal>http://inspire.ec.europa.eu/codelist/GeometrySpecificationValue/building</ogc:Literal>
              </ogc:PropertyIsEqualTo>
              <ogc:PropertyIsEqualTo>
          		<ogc:PropertyName>ad:position/ad:GeographicPosition/ad:specification/@xlink:href</ogc:PropertyName>
                <ogc:Literal>http://inspire.ec.europa.eu/codelist/GeometrySpecificationValue/parcel</ogc:Literal>
              </ogc:PropertyIsEqualTo>
            </ogc:Or>
          </ogc:Filter>
          <se:PointSymbolizer>
            <se:Geometry>
        		<ogc:PropertyName>ad:position/ad:GeographicPosition/ad:geometry</ogc:PropertyName>            
            </se:Geometry>
            <se:Graphic>
              <se:Mark>
                <se:WellKnownName>square</se:WellKnownName>
                <se:Fill>
                  <se:SvgParameter name="fill">#c0c0c0</se:SvgParameter>
                </se:Fill>
                <se:Stroke>
                  <se:SvgParameter name="stroke">#000000</se:SvgParameter>
                  <se:SvgParameter name="stroke-width">1</se:SvgParameter>
                </se:Stroke>
              </se:Mark>
              <se:Size>6</se:Size>
            </se:Graphic>
          </se:PointSymbolizer>
        </se:Rule>
        <se:Rule>
        <se:Description>
          <se:Title>related segment of a thoroughfare: The middle accuracy - Thoroughfare level - 50% gray</se:Title>
        </se:Description>
          <!-- -The middle accuracy - Thoroughfare level - 50% gray- -->
          <ogc:Filter>
            <ogc:PropertyIsEqualTo>
          		<ogc:PropertyName>ad:position/ad:GeographicPosition/ad:specification/@xlink:href</ogc:PropertyName>
              <ogc:Literal>http://inspire.ec.europa.eu/codelist/GeometrySpecificationValue/segment</ogc:Literal>
            </ogc:PropertyIsEqualTo>
          </ogc:Filter>
          <se:PointSymbolizer>
            <se:Geometry>
        		<ogc:PropertyName>ad:position/ad:GeographicPosition/ad:geometry</ogc:PropertyName>
            </se:Geometry>
            <se:Graphic>
              <se:Mark>
                <se:WellKnownName>square</se:WellKnownName>
                <se:Fill>
                  <se:SvgParameter name="fill">#808080</se:SvgParameter>
                </se:Fill>
                <se:Stroke>
                  <se:SvgParameter name="stroke">#000000</se:SvgParameter>
                  <se:SvgParameter name="stroke-width">1</se:SvgParameter>
                </se:Stroke>
              </se:Mark>
              <se:Size>6</se:Size>
            </se:Graphic>
          </se:PointSymbolizer>
        </se:Rule>
        <se:Rule>
        <se:Description>
          <se:Title>otherwise: The lowest accuracy - others or unknown level - 25% gray</se:Title>
        </se:Description>
          <!-- -The lowest accuracy - others or unknown level - 25% gray- -->
          <ogc:Filter>
            <ogc:PropertyIsEqualTo>
          		<ogc:PropertyName>ad:position/ad:GeographicPosition/ad:specification/@xlink:href</ogc:PropertyName>
              <ogc:Literal>http://inspire.ec.europa.eu/codelist/GeometrySpecificationValue/otherwise</ogc:Literal>
            </ogc:PropertyIsEqualTo>
          </ogc:Filter>
          <se:PointSymbolizer>
            <se:Geometry>
        		<ogc:PropertyName>ad:position/ad:GeographicPosition/ad:geometry</ogc:PropertyName>
            </se:Geometry>
            <se:Graphic>
              <se:Mark>
                <se:WellKnownName>square</se:WellKnownName>
                <se:Fill>
                  <se:SvgParameter name="fill">#404040</se:SvgParameter>
                </se:Fill>
                <se:Stroke>
                  <se:SvgParameter name="stroke">#000000</se:SvgParameter>
                  <se:SvgParameter name="stroke-width">1</se:SvgParameter>
                </se:Stroke>
              </se:Mark>
              <se:Size>6</se:Size>
            </se:Graphic>
          </se:PointSymbolizer>
        </se:Rule>
      </se:FeatureTypeStyle>
    </sld:UserStyle>
  </sld:NamedLayer>
</sld:StyledLayerDescriptor>
