<?xml version='1.0' encoding='UTF-8'?>
<!--
   Source http://inspire.jrc.ec.europa.eu/documents/Data_Specifications/INSPIRE_DataSpecification_AU_v3.1.pdf

   XML is valid against StyledLayerDescriptor.xsd! 

   http://github.com/JuergenWeichand/inspire-styles (2016-09-18 12:48:18)
-->

<!-- FBurkamp: Abstract wurde um einen halben Satz ergänzt. -->

<sld:StyledLayerDescriptor xmlns:sld="http://www.opengis.net/sld" xmlns:ogc="http://www.opengis.net/ogc" xmlns:se="http://www.opengis.net/se" xmlns:xlink="http://www.w3.org/1999/xlink" xmlns:xsi="http://www.w3.org/2001/XMLSchema-instance" version="1.1.0" xsi:schemaLocation="http://www.opengis.net/sld http://schemas.opengis.net/sld/1.1.0/StyledLayerDescriptor.xsd">
  <sld:NamedLayer>
    <se:Name>AU.AdministrativeBoundary</se:Name>
    <se:Description>
		<se:Title>Administrative boundary</se:Title>
	</se:Description>
    <sld:UserStyle>
      <se:Name>AU.AdministrativeBoundary.Default </se:Name>
      <sld:IsDefault>1</sld:IsDefault>
      <se:FeatureTypeStyle version="1.1.0" xmlns:au="http://inspire.ec.europa.eu/schemas/au/4.0">
        <se:Description>
          <se:Title>Administrative Boundary Default Style</se:Title>
          <se:Abstract>The administrative boundary is rendered using a red (#FF0033) line and a 4 pixels width.</se:Abstract>
        </se:Description>
        <se:FeatureTypeName>au:AdministrativeBoundary</se:FeatureTypeName>
        <se:Rule>
        <se:Description>
          <se:Title>administrative boundary</se:Title>
            <Localized lang="en">administrative boundary</Localized>
            <Localized lang="de">Verwaltungsgrenze</Localized>
        </se:Description>
          <se:LineSymbolizer>
            <se:Geometry>
              <ogc:PropertyName>au:geometry</ogc:PropertyName>
            </se:Geometry>
            <se:Stroke>
              <se:SvgParameter name="stroke">#FF0033</se:SvgParameter>
              <se:SvgParameter name="stroke-width">4</se:SvgParameter>
            </se:Stroke>
          </se:LineSymbolizer>
        </se:Rule>
      </se:FeatureTypeStyle>
    </sld:UserStyle>
  </sld:NamedLayer>
</sld:StyledLayerDescriptor>
