<?xml version='1.0' encoding='UTF-8'?>
<!--
   Source http://inspire.jrc.ec.europa.eu/documents/Data_Specifications/INSPIRE_DataSpecification_AU_v3.1.pdf

   XML is invalid against StyledLayerDescriptor.xsd! 
   Element '{http://www.opengis.net/se}PropertyIsEqualTo': This element is not expected. Expected is one of ( {http://www.opengis.net/ogc}spatialOps, {http://www.opengis.net/ogc}Equals, {http://www.opengis.net/ogc}Disjoint, {http://www.opengis.net/ogc}Touches, {http://www.opengis.net/ogc}Within, {http://www.opengis.net/ogc}Overlaps, {http://www.opengis.net/ogc}Crosses, {http://www.opengis.net/ogc}Intersects, {http://www.opengis.net/ogc}Contains, {http://www.opengis.net/ogc}DWithin )., line 17 

   http://github.com/JuergenWeichand/inspire-styles (2016-09-18 12:48:18)
-->
<sld:StyledLayerDescriptor xmlns:sld="http://www.opengis.net/sld" xmlns:ogc="http://www.opengis.net/ogc" xmlns:se="http://www.opengis.net/se" xmlns:xlink="http://www.w3.org/1999/xlink" xmlns:xsi="http://www.w3.org/2001/XMLSchema-instance" version="1.1.0" xsi:schemaLocation="http://www.opengis.net/sld http://schemas.opengis.net/sld/1.1.0/StyledLayerDescriptor.xsd">
  <sld:NamedLayer>
    <se:Name>AU.InternalWaters</se:Name>
    <se:Description>
		<se:Title>Internal waters</se:Title>
	</se:Description>
    <sld:UserStyle>
      <se:Name>AU.InternalWaters.Default</se:Name>
      <sld:IsDefault>1</sld:IsDefault>
      <se:FeatureTypeStyle version="1.1.0" xmlns:mu="http://inspire.ec.europa.eu/schemas/mu/3.0">
        <se:Description>
          <se:Title>Internal Waters Default Style </se:Title>
          <se:Abstract>The internal waters is rendered using a green (#66CDAA) fill.</se:Abstract>
        </se:Description>
        <se:FeatureTypeName>mu:InternalWaters</se:FeatureTypeName>
        <se:Rule>
        <se:Description>
          <se:Title>maritime zone: internal waters</se:Title>
        </se:Description>
          <ogc:Filter>
            <ogc:PropertyIsEqualTo>
              <ogc:PropertyName>mu:zoneType</ogc:PropertyName>
              <ogc:Literal>internalWaters</ogc:Literal>
            </ogc:PropertyIsEqualTo>
          </ogc:Filter>
          <se:PolygonSymbolizer>
            <se:Geometry>
              <ogc:PropertyName>mu:geometry</ogc:PropertyName>
            </se:Geometry>
            <se:Fill>
              <se:SvgParameter name="fill">#66CDAA</se:SvgParameter>
            </se:Fill>
          </se:PolygonSymbolizer>
        </se:Rule>
      </se:FeatureTypeStyle>
    </sld:UserStyle>
  </sld:NamedLayer>
</sld:StyledLayerDescriptor>
