<?xml version='1.0' encoding='UTF-8'?>
<!--
   Source http://inspire.jrc.ec.europa.eu/documents/Data_Specifications/INSPIRE_DataSpecification_AU_v3.1.pdf

   XML is valid against StyledLayerDescriptor.xsd! 

   http://github.com/JuergenWeichand/inspire-styles (2016-09-18 12:48:18)
-->

<!-- FBurkamp: Abstract wurde um einen halben Satz ergänzt. -->
<sld:StyledLayerDescriptor xmlns:sld="http://www.opengis.net/sld" xmlns:ogc="http://www.opengis.net/ogc" xmlns:se="http://www.opengis.net/se" xmlns:xlink="http://www.w3.org/1999/xlink" xmlns:xsi="http://www.w3.org/2001/XMLSchema-instance" version="1.1.0" xsi:schemaLocation="http://www.opengis.net/sld http://schemas.opengis.net/sld/1.1.0/StyledLayerDescriptor.xsd">
  <sld:NamedLayer>
    <se:Name>AU.MaritimeBoundary</se:Name>
    <se:Description>
		<se:Title>Maritime boundary</se:Title>
	</se:Description>
    <sld:UserStyle>
      <se:Name>AU.MaritimeBoundary.Default</se:Name>
      <sld:IsDefault>1</sld:IsDefault>
      <se:FeatureTypeStyle version="1.1.0" xmlns:mu="http://inspire.ec.europa.eu/schemas/mu/3.0">
        <se:Description>
          <se:Title>Maritime Boundary Default Style</se:Title>
          <se:Abstract> The Maritime boundary is rendered using a red (#DC143C) line and a 4 pixel width.</se:Abstract>
        </se:Description>
        <se:FeatureTypeName>mu:MaritimeBoundary</se:FeatureTypeName>
        <se:Rule>
        <se:Description>
          <se:Title>maritime boundary</se:Title>
        </se:Description>
          <se:LineSymbolizer>
            <se:Geometry>
              <ogc:PropertyName>mu:geometry</ogc:PropertyName>
            </se:Geometry>
            <se:Stroke>
              <se:SvgParameter name="stroke">#DC143C</se:SvgParameter>
              <se:SvgParameter name="stroke-width">4</se:SvgParameter>
            </se:Stroke>
          </se:LineSymbolizer>
        </se:Rule>
      </se:FeatureTypeStyle>
    </sld:UserStyle>
  </sld:NamedLayer>
</sld:StyledLayerDescriptor>