<?xml version='1.0' encoding='UTF-8'?>
<!--
   Source http://inspire.jrc.ec.europa.eu/documents/Data_Specifications/INSPIRE_DataSpecification_CP_v3.1.pdf

   XML is invalid against StyledLayerDescriptor.xsd! 
   Element '{http://www.opengis.net/se}SvgParameter': This element is not expected. Expected is one of ( {http://www.opengis.net/ogc}expression, {http://www.opengis.net/ogc}Add, {http://www.opengis.net/ogc}Sub, {http://www.opengis.net/ogc}Mul, {http://www.opengis.net/ogc}Div, {http://www.opengis.net/ogc}PropertyName, {http://www.opengis.net/ogc}Function, {http://www.opengis.net/ogc}Literal, {http://www.opengis.net/se}FormatNumber, {http://www.opengis.net/se}FormatDate )., line 31 

   http://github.com/JuergenWeichand/inspire-styles (2016-09-18 12:48:21)
-->
<!-- FBurkamp: für die Outline des Kreises ist im Abstract keine Farbe angegeben. Diese wurde vorerst ebenfalls auf Magenata gesetzt. (2017-06-01 08:43) -->
<sld:StyledLayerDescriptor xmlns:sld="http://www.opengis.net/sld" xmlns:ogc="http://www.opengis.net/ogc" xmlns:se="http://www.opengis.net/se" xmlns:xlink="http://www.w3.org/1999/xlink" xmlns:xsi="http://www.w3.org/2001/XMLSchema-instance" version="1.1.0" xsi:schemaLocation="http://www.opengis.net/sld http://schemas.opengis.net/sld/1.1.0/StyledLayerDescriptor.xsd">
  <sld:NamedLayer>
    <se:Name>CP.CadastralParcel</se:Name>
    <se:Description>
		<se:Title>Cadastral Parcel (ReferencePointOnly)</se:Title>
	</se:Description>
    <sld:UserStyle>
      <se:Name>CP.CadastralParcel.ReferencePointOnly</se:Name>
      <sld:IsDefault>0</sld:IsDefault>
      <se:FeatureTypeStyle version="1.1.0" xmlns:cp="http://inspire.ec.europa.eu/schemas/cp/4.0">
        <se:Description>
          <se:Title>Reference Point Only Default Style</se:Title>
          <se:Abstract>Point geometries are rendered as a circle with a size of 10 pixels, with a magenta (#FF00FF) fill and a 2 pixel black outline.</se:Abstract>
        </se:Description>
        <se:FeatureTypeName>cp:CadastralParcel</se:FeatureTypeName>
        <se:Rule>
        <se:Description>
          <se:Title>cadastral parcel - reference point only</se:Title>
        </se:Description>
          <se:MinScaleDenominator>1</se:MinScaleDenominator>
          <se:MaxScaleDenominator>60000</se:MaxScaleDenominator>
          <se:PointSymbolizer>
            <se:Geometry>
              <ogc:PropertyName>cp:referencePoint</ogc:PropertyName>
            </se:Geometry>
            <se:Graphic>
              <se:Mark>
                <se:WellKnownName>circle</se:WellKnownName>
                <se:Fill>
                  <se:SvgParameter name="fill">#FF00FF</se:SvgParameter>
                </se:Fill>
                <se:Stroke>
                  <se:SvgParameter name="stroke">#FF00FF</se:SvgParameter>
                  <se:SvgParameter name="stroke-width">2</se:SvgParameter>
                </se:Stroke>
              </se:Mark>
              <se:Size>10</se:Size>
            </se:Graphic>
          </se:PointSymbolizer>
        </se:Rule>
      </se:FeatureTypeStyle>
    </sld:UserStyle>
  </sld:NamedLayer>
</sld:StyledLayerDescriptor>
