<?xml version='1.0' encoding='UTF-8'?>
<!--
   FBurkamp: Neu erstellt nach GN-Specification. (2017-06-16 10:00)
-->
<sld:StyledLayerDescriptor xmlns:sld="http://www.opengis.net/sld" xmlns:ogc="http://www.opengis.net/ogc" xmlns:se="http://www.opengis.net/se" xmlns:xlink="http://www.w3.org/1999/xlink" xmlns:xsi="http://www.w3.org/2001/XMLSchema-instance" version="1.1.0" xsi:schemaLocation="http://www.opengis.net/sld http://schemas.opengis.net/sld/1.1.0/StyledLayerDescriptor.xsd">
  <sld:NamedLayer>
    <se:Name>GN.GeographicalNames</se:Name>
    <se:Description>
		<se:Title>Geographical Names</se:Title>
	</se:Description>
    <sld:UserStyle>
      <se:Name>GN.GeographicalNames</se:Name>
      <sld:IsDefault>0</sld:IsDefault>
      <se:FeatureTypeStyle version="1.1.0" xmlns:gn="http://inspire.ec.europa.eu/schemas/gn/4.0">
        <se:Description>
          <se:Title>geographical names</se:Title>
          <se:Abstract>All names (i.e. all spellings of all names of the named place) are displayed in black (#000000), with font Arial 10pt, and located in order to touch the geometry of the named place, at its centre if possible. If a named place is referred by different names or different spellings of the same name, all texts are displayed on the same line. The order of displayed names does not indicate any preference order, as this is not possible to define precisely such an order without more information, e.g. on linguistic statuses in administrative units.</se:Abstract>
        </se:Description>
        <se:FeatureTypeName>gn:NamedPlace</se:FeatureTypeName>
        <se:Rule>
        <se:Description>
          <se:Title>label: geographical names</se:Title>
        </se:Description>
          <se:MinScaleDenominator>1</se:MinScaleDenominator>
          <se:MaxScaleDenominator>20000</se:MaxScaleDenominator>
          <se:TextSymbolizer>
            <se:Geometry>
              <ogc:PropertyName>gn:geometry</ogc:PropertyName>
            </se:Geometry>
            <se:Label>
              <ogc:PropertyName>gn:name/gn:GeographicalName/gn:spelling/gn:SpellingOfName/gn:text</ogc:PropertyName>
            </se:Label>
            <se:Font>
              <se:SvgParameter name="font-family">Arial</se:SvgParameter>
              <se:SvgParameter name="font-size">10</se:SvgParameter>
            </se:Font>
            <se:Fill>
              <se:SvgParameter name="fill">#000000</se:SvgParameter>
            </se:Fill>
          </se:TextSymbolizer>
        </se:Rule>
      </se:FeatureTypeStyle>
    </sld:UserStyle>
  </sld:NamedLayer>
</sld:StyledLayerDescriptor>
