<?xml version='1.0' encoding='UTF-8'?>
<!--
   Source http://inspire.jrc.ec.europa.eu/documents/Data_Specifications/INSPIRE_DataSpecification_HY_v3.1.pdf

   XML is invalid against StyledLayerDescriptor.xsd! 
   Element '{http://www.opengis.net/se}FeatureTypeName': This element is not expected., line 25 

   http://github.com/JuergenWeichand/inspire-styles (2016-09-18 12:48:23)
-->

<!-- FBurkamp: Abstract wurde umgeschrieben. -->
<sld:StyledLayerDescriptor xmlns:net="http://inspire.ec.europa.eu/schemas/net/4.0" xmlns:sld="http://www.opengis.net/sld" xmlns:ogc="http://www.opengis.net/ogc" xmlns:se="http://www.opengis.net/se" xmlns:xlink="http://www.w3.org/1999/xlink" xmlns:xsi="http://www.w3.org/2001/XMLSchema-instance" version="1.1.0" xsi:schemaLocation="http://www.opengis.net/sld http://schemas.opengis.net/sld/1.1.0/StyledLayerDescriptor.xsd">
  <sld:NamedLayer>
    <se:Name>HY.Network</se:Name>
    <se:Description>
		<se:Title>Hydrographic network</se:Title>
	</se:Description>
    <sld:UserStyle>
      <se:Name>HY.Network.Default</se:Name>
      <sld:IsDefault>1</sld:IsDefault>
      <se:FeatureTypeStyle version="1.1.0" xmlns:net="http://inspire.ec.europa.eu/schemas/net/4.0" xmlns:hy-n="http://inspire.ec.europa.eu/schemas/hy-n/4.0">
        <se:Description>
          <se:Title>Hydrographic Network Default Style</se:Title>
          <se:Abstract>Hydrographic network where the hydro node category depends to outlet, junction and source is rendered by solid blue (#33CCFF) lines with stroke width of 1 pixel and 3 pixel size filled light blue (#CCFFFF) circles with black (#000000) border. Hydrographic network where the hydro node category depends to flow constriction and regulation is rendered by 3 pixel size filled black circles (#000000). Hydrographic network where the hydro node category depends to boundary is rendered by 3 pixel size filled red circles (#FF0000) with black (#000000) border.</se:Abstract>
        </se:Description>
        <se:FeatureTypeName>hy-n:WatercourseLink</se:FeatureTypeName>
        <se:Rule>
        <se:Description>
          <se:Title>hydrographic network: watercourse link</se:Title>
        </se:Description>
          <se:LineSymbolizer>
            <se:Geometry>
              <ogc:PropertyName>net:centrelineGeometry</ogc:PropertyName>
            </se:Geometry>
            <se:Stroke>
              <se:SvgParameter name="stroke">#33CCFF</se:SvgParameter>
              <se:SvgParameter name="stroke-width">1</se:SvgParameter>
            </se:Stroke>
          </se:LineSymbolizer>
        </se:Rule>
      </se:FeatureTypeStyle>
      <se:FeatureTypeStyle version="1.1.0" xmlns:net="http://inspire.ec.europa.eu/schemas/net/4.0" xmlns:hy-n="http://inspire.ec.europa.eu/schemas/hy-n/4.0">
        <se:Description>
          <se:Title>Hydrographic Network Default Style</se:Title>
          <se:Abstract>Hydrographic network where the hydro node category depends to outlet, junction and source is rendered by solid blue (#33CCFF) lines with stroke width of 1 pixel and 3 pixel size filled light blue (#CCFFFF) circles with black (#000000) border. Hydrographic network where the hydro node category depends to flow constriction and regulation is rendered by 3 pixel size filled black circles (#000000). Hydrographic network where the hydro node category depends to boundary is rendered by 3 pixel size filled red circles (#FF0000) with black (#000000) border.</se:Abstract>
        </se:Description>
        <se:FeatureTypeName>hy-n:HydroNode</se:FeatureTypeName>
        <se:Rule>
        <se:Description>
          <se:Title>hydrographic network - hydro node: outlet - junction - source</se:Title>
        </se:Description>
          <ogc:Filter>
            <ogc:Or>
              <ogc:PropertyIsEqualTo>
                <ogc:PropertyName>hy-n:hydroNodeCategory</ogc:PropertyName>
                <ogc:Literal>outlet</ogc:Literal>
              </ogc:PropertyIsEqualTo>
              <ogc:PropertyIsEqualTo>
                <ogc:PropertyName>hy-n:hydroNodeCategory</ogc:PropertyName>
                <ogc:Literal>junction</ogc:Literal>
              </ogc:PropertyIsEqualTo>
              <ogc:PropertyIsEqualTo>
                <ogc:PropertyName>hy-n:hydroNodeCategory</ogc:PropertyName>
                <ogc:Literal>source</ogc:Literal>
              </ogc:PropertyIsEqualTo>
            </ogc:Or>
          </ogc:Filter>
          <se:PointSymbolizer>
            <se:Geometry>
              <ogc:PropertyName>hy-n:geometry</ogc:PropertyName>
            </se:Geometry>
            <se:Graphic>
              <se:Mark>
                <se:WellKnownName>circle</se:WellKnownName>
                <se:Fill>
                  <se:SvgParameter name="fill">#CCFFFF</se:SvgParameter>
                </se:Fill>
                <se:Stroke>
                  <se:SvgParameter name="stroke">#000000</se:SvgParameter>
                </se:Stroke>
              </se:Mark>
              <se:Size>3</se:Size>
            </se:Graphic>
          </se:PointSymbolizer>
        </se:Rule>    
        <se:Rule>
        <se:Description>
          <se:Title>hydrographic network - hydro node: flow constriction - regulation</se:Title>
        </se:Description>
          <ogc:Filter>
            <ogc:Or>
              <ogc:PropertyIsEqualTo>
                <ogc:PropertyName>hy-n:hydroNodeCategory</ogc:PropertyName>
                <ogc:Literal>flowConstriction</ogc:Literal>
              </ogc:PropertyIsEqualTo>
              <ogc:PropertyIsEqualTo>
                <ogc:PropertyName>hy-n:hydroNodeCategory</ogc:PropertyName>
                <ogc:Literal>regulation</ogc:Literal>
              </ogc:PropertyIsEqualTo>
            </ogc:Or>
          </ogc:Filter>
          <se:PointSymbolizer>
            <se:Geometry>
              <ogc:PropertyName>hy-n:geometry</ogc:PropertyName>
            </se:Geometry>
            <se:Graphic>
              <se:Mark>
                <se:WellKnownName>circle</se:WellKnownName>
                <se:Fill>
                  <se:SvgParameter name="fill">#000000</se:SvgParameter>
                </se:Fill>
              </se:Mark>
              <se:Size>3</se:Size>
            </se:Graphic>
          </se:PointSymbolizer>
        </se:Rule>
        <se:Rule>
        <se:Description>
          <se:Title>hydrographic network - hydro node: boundary</se:Title>
        </se:Description>
          <ogc:Filter>
            <ogc:PropertyIsEqualTo>
              <ogc:PropertyName>hy-n:hydroNodeCategory</ogc:PropertyName>
              <ogc:Literal>boundary</ogc:Literal>
            </ogc:PropertyIsEqualTo>
          </ogc:Filter>
          <se:PointSymbolizer>
            <se:Geometry>
              <ogc:PropertyName>hy-n:geometry</ogc:PropertyName>
            </se:Geometry>
            <se:Graphic>
              <se:Mark>
                <se:WellKnownName>circle</se:WellKnownName>
                <se:Fill>
                  <se:SvgParameter name="fill">#FF0000</se:SvgParameter>
                </se:Fill>
                <se:Stroke>
                  <se:SvgParameter name="stroke">#000000</se:SvgParameter>
                </se:Stroke>
              </se:Mark>
              <se:Size>3</se:Size>
            </se:Graphic>
          </se:PointSymbolizer>
        </se:Rule>
      </se:FeatureTypeStyle>
    </sld:UserStyle>
  </sld:NamedLayer>
</sld:StyledLayerDescriptor>
