<?xml version='1.0' encoding='UTF-8'?>
<!-- FBurkamp: Abstract wurde erweitet. (2017-06-1 14:39) -->
<!-- FBurkamp: Sluice und Embankments wurden als features hinzugefügt, weil sie in der INSPIRE-Registry vermerkt sind. Es ist jedoch keine Stylebeschreibung vorhanden. Deswegen wurde diese vorerst gesetzt und kann im Nachhinein geändert werden. (2020-01-29 11:49) -->
<sld:StyledLayerDescriptor xmlns:sld="http://www.opengis.net/sld" xmlns:ogc="http://www.opengis.net/ogc" xmlns:se="http://www.opengis.net/se" xmlns:xlink="http://www.w3.org/1999/xlink" xmlns:xsi="http://www.w3.org/2001/XMLSchema-instance" version="1.1.0" xsi:schemaLocation="http://www.opengis.net/sld http://schemas.opengis.net/sld/1.1.0/StyledLayerDescriptor.xsd">
  <sld:NamedLayer>
    <se:Name>HY.PhysicalWaters.ManMadeObject</se:Name>
    <se:Description>
		<se:Title>Man-made Object</se:Title>
	</se:Description>
    <sld:UserStyle>
      <se:Name>HY.PhysicalWaters.ManMadeObject.Default</se:Name>
      <sld:IsDefault>1</sld:IsDefault>
      <se:FeatureTypeStyle version="1.1.0" xmlns:hy-p="http://inspire.ec.europa.eu/schemas/hy-p/4.0">
        <se:Description>
          <se:Title>Man-Made Objects Default Style</se:Title>
          <se:Abstract>There are only depicted the fully functional objects. Punctual objects are depicted with symbols; if the geometry is a curve they are depicted in solid or dashed lines with different stroke width and different colours depending on the feature type; if the geometry is a surface it will be a filled polygon of solid colour adding or not some marks, depending on the feature type. Point geometries of crossings are rendered as a 10 sized picture. Line geometries of crossings are rendered as a grey (#999999) line and a stroke-width of 2 pixel. Polygon geometries of crossings are rendered using a light grey (#CCCCCC) fill and a dark grey (#999999) outline with a stroke width of 2 pixel.</se:Abstract>
        </se:Description>
        <se:FeatureTypeName>hy-p:Crossing</se:FeatureTypeName>
        <se:Rule>
          <se:Description>
            <se:Title>crossing</se:Title>
          </se:Description>
          <ogc:Filter>
            <!-- FULLY FUNCTIONAL Bridge -->
            <ogc:And>
              <ogc:PropertyIsEqualTo>
                <ogc:PropertyName>hy-p:condition/@xlink:href</ogc:PropertyName>
                <ogc:Literal>http://inspire.ec.europa.eu/codelist/ConditionOfFacilityValue/functional</ogc:Literal>
              </ogc:PropertyIsEqualTo>
              <ogc:PropertyIsEqualTo>
                <ogc:PropertyName>hy-p:type/@xlink:href</ogc:PropertyName>
                <ogc:Literal>http://inspire.ec.europa.eu/codelist/CrossingTypeValue/bridge</ogc:Literal>
              </ogc:PropertyIsEqualTo>
            </ogc:And>
          </ogc:Filter>
          <se:PointSymbolizer>
            <se:Geometry>
              <ogc:PropertyName>hy-p:geometry</ogc:PropertyName>
            </se:Geometry>
            <se:Graphic>
            <!-- TODO broken link
              <se:ExternalGraphic>
                <se:OnlineResource xmlns:xlink="http://www.w3.org/1999/xlink" xlink:type="simple" xlink:href="http://.../HY.PhysicalWaters.ManMadeObject.Default-Bridge.png"/>
                <se:Format>image/png</se:Format>
              </se:ExternalGraphic>
             -->
            <!-- TODO  temporary replaced broken external graphic by square-->
              <se:Mark>
	          <se:WellKnownName>square</se:WellKnownName>
	          <se:Fill>
	            <se:SvgParameter name="fill">#ffffff</se:SvgParameter>
	          </se:Fill>
	          <se:Stroke>
	            <se:SvgParameter name="stroke">#000000</se:SvgParameter>
	            <se:SvgParameter name="stroke-width">1</se:SvgParameter>
	          </se:Stroke>
	        </se:Mark>
              <se:Size>10.0</se:Size>
            </se:Graphic>
          </se:PointSymbolizer>
          <se:LineSymbolizer>
            <se:Geometry>
              <ogc:PropertyName>hy-p:geometry</ogc:PropertyName>
            </se:Geometry>
            <se:Stroke>
              <se:SvgParameter name="stroke">#999999</se:SvgParameter>
              <se:SvgParameter name="stroke-width">2</se:SvgParameter>
            </se:Stroke>
          </se:LineSymbolizer>
          <se:PolygonSymbolizer>
            <se:Geometry>
              <ogc:PropertyName>hy-p:geometry</ogc:PropertyName>
            </se:Geometry>
            <se:Fill>
              <se:SvgParameter name="fill">#CCCCCC</se:SvgParameter>
            </se:Fill>
            <se:Stroke>
              <se:SvgParameter name="stroke">#999999</se:SvgParameter>
              <se:SvgParameter name="stroke-width">2</se:SvgParameter>
            </se:Stroke>
          </se:PolygonSymbolizer>
        </se:Rule>
      </se:FeatureTypeStyle>
      <se:FeatureTypeStyle version="1.1.0" xmlns:hy-p="http://inspire.ec.europa.eu/schemas/hy-p/4.0">
        <se:Description>
          <se:Title>Man-Made Objects Default Style</se:Title>
          <se:Abstract>There are only depicted the fully functional objects. Punctual objects are depicted with symbols; if the geometry is a curve they are depicted in solid or dashed lines with different stroke width and different colours depending on the feature type; if the geometry is a surface it will be a filled polygon of solid colour adding or not some marks, depending on the feature type. Point geometries of dams or weirs are rendered as a 12 sized cross with a light grey (#666666) color. Line geometries of dams or weirs are rendered as a light grey (#666666) line and a stroke-width of 3 pixel. Polygon geometries of dams or weirs are rendered using a dark grey (#999999) fill and a light grey (#666666) outline with a stroke width of 3 pixel.</se:Abstract>
        </se:Description>
        <se:FeatureTypeName>hy-p:DamOrWeir</se:FeatureTypeName>
        <se:Rule>
          <se:Description>
            <se:Title>dam or weir</se:Title>
          </se:Description>
          <ogc:Filter>
            <!-- FULLY FUNCTIONAL -->
            <ogc:PropertyIsEqualTo>
              <ogc:PropertyName>hy-p:condition/@xlink:href</ogc:PropertyName>
              <ogc:Literal>http://inspire.ec.europa.eu/codelist/ConditionOfFacilityValue/functional</ogc:Literal>
            </ogc:PropertyIsEqualTo>
          </ogc:Filter>
          <se:PointSymbolizer>
            <se:Geometry>
              <ogc:PropertyName>hy-p:geometry</ogc:PropertyName>
            </se:Geometry>
            <se:Graphic>
              <se:Mark>
                <se:WellKnownName>X</se:WellKnownName>
                <se:Fill>
                  <se:SvgParameter name="fill">#666666</se:SvgParameter>
                </se:Fill>
              </se:Mark>
              <se:Size>12.0</se:Size>
            </se:Graphic>
          </se:PointSymbolizer>
          <se:LineSymbolizer>
            <se:Geometry>
              <ogc:PropertyName>hy-p:geometry</ogc:PropertyName>
            </se:Geometry>
            <se:Stroke>
              <se:SvgParameter name="stroke">#666666</se:SvgParameter>
              <se:SvgParameter name="stroke-width">3</se:SvgParameter>
            </se:Stroke>
          </se:LineSymbolizer>
          <se:PolygonSymbolizer>
            <se:Geometry>
              <ogc:PropertyName>hy-p:geometry</ogc:PropertyName>
            </se:Geometry>
            <se:Fill>
              <se:SvgParameter name="fill">#999999</se:SvgParameter>
            </se:Fill>
            <se:Stroke>
              <se:SvgParameter name="stroke">#666666</se:SvgParameter>
              <se:SvgParameter name="stroke-width">3</se:SvgParameter>
            </se:Stroke>
          </se:PolygonSymbolizer>
        </se:Rule>
      </se:FeatureTypeStyle>
      <se:FeatureTypeStyle version="1.1.0" xmlns:hy-p="http://inspire.ec.europa.eu/schemas/hy-p/4.0">
        <se:Description>
          <se:Title>Man-Made Objects Default Style</se:Title>
          <se:Abstract>There are only depicted the fully functional objects. Punctual objects are depicted with symbols; if the geometry is a curve they are depicted in solid or dashed lines with different stroke width and different colours depending on the feature type; if the geometry is a surface it will be a filled polygon of solid colour adding or not some marks, depending on the feature type. Point geometries of shoreline constructions are rendered as a 10 sized triangle with a light grey (#666666) color. Line geometries of shoreline constructions are rendered as a light grey (#666666) line and a stroke-width of 2 pixel. Polygon geometries of shoreline constructions are rendered using a dark grey (#999999) fill and a light grey (#666666) outline with a stroke width of 2 pixel.</se:Abstract>
        </se:Description>        
        <se:FeatureTypeName>hy-p:ShorelineConstruction</se:FeatureTypeName>
        <se:Rule>
          <se:Description>
            <se:Title>shoreline construction</se:Title>
          </se:Description>
          <ogc:Filter>
            <!-- FULLY FUNCTIONAL -->
            <ogc:PropertyIsEqualTo>
              <ogc:PropertyName>hy-p:condition/@xlink:href</ogc:PropertyName>
              <ogc:Literal>http://inspire.ec.europa.eu/codelist/ConditionOfFacilityValue/functional</ogc:Literal>
            </ogc:PropertyIsEqualTo>
          </ogc:Filter>
          <se:PointSymbolizer>
            <se:Geometry>
              <ogc:PropertyName>hy-p:geometry</ogc:PropertyName>
            </se:Geometry>
            <se:Graphic>
              <se:Mark>
                <se:WellKnownName>triangle</se:WellKnownName>
                <se:Fill>
                  <se:SvgParameter name="fill">#666666</se:SvgParameter>
                </se:Fill>
              </se:Mark>
              <se:Size>10</se:Size>
            </se:Graphic>
          </se:PointSymbolizer>
          <se:LineSymbolizer>
            <se:Geometry>
              <ogc:PropertyName>hy-p:geometry</ogc:PropertyName>
            </se:Geometry>
            <se:Stroke>
              <se:SvgParameter name="stroke">#666666</se:SvgParameter>
              <se:SvgParameter name="stroke-width">2</se:SvgParameter>
            </se:Stroke>
          </se:LineSymbolizer>
          <se:PolygonSymbolizer>
            <se:Geometry>
              <ogc:PropertyName>hy-p:geometry</ogc:PropertyName>
            </se:Geometry>
            <se:Fill>
              <se:SvgParameter name="fill">#999999</se:SvgParameter>
            </se:Fill>
            <se:Stroke>
              <se:SvgParameter name="stroke">#666666</se:SvgParameter>
              <se:SvgParameter name="stroke-width">2</se:SvgParameter>
            </se:Stroke>
          </se:PolygonSymbolizer>
        </se:Rule>
      </se:FeatureTypeStyle>
      <se:FeatureTypeStyle version="1.1.0" xmlns:hy-p="http://inspire.ec.europa.eu/schemas/hy-p/4.0">
        <se:Description>
          <se:Title>Man-Made Objects Default Style</se:Title>
          <se:Abstract>There are only depicted the fully functional objects. Punctual objects are depicted with symbols; if the geometry is a curve they are depicted in solid or dashed lines with different stroke width and different colours depending on the feature type; if the geometry is a surface it will be a filled polygon of solid colour adding or not some marks, depending on the feature type. Point geometries of fords are rendered as a 3 sized square with a light red (#FFCCCC) color and light blue (#CCFFFF) border and a 50% transparence. Line geometries of fords are rendered as a light red (#FFCCCC) line and a stroke-width of 1 pixel. Polygon geometries of fords are rendered using a light red (#FFCCCC) fill and a 50% transparence.</se:Abstract>
        </se:Description>        
        <se:FeatureTypeName>hy-p:Ford</se:FeatureTypeName>
        <se:Rule>
          <se:Description>
            <se:Title>ford</se:Title>
          </se:Description>
          <ogc:Filter>
            <!-- FULLY FUNCTIONAL -->
            <ogc:PropertyIsEqualTo>
              <ogc:PropertyName>hy-p:condition/@xlink:href</ogc:PropertyName>
              <ogc:Literal>http://inspire.ec.europa.eu/codelist/ConditionOfFacilityValue/functional</ogc:Literal>
            </ogc:PropertyIsEqualTo>
          </ogc:Filter>
          <se:PointSymbolizer>
            <se:Geometry>
              <ogc:PropertyName>hy-p:geometry</ogc:PropertyName>
            </se:Geometry>
            <se:Graphic>
              <se:Mark>
                <se:WellKnownName>square</se:WellKnownName>
                <se:Fill>
                  <se:SvgParameter name="fill">#FFCCCC</se:SvgParameter>
                </se:Fill>
                <se:Stroke>
                  <se:SvgParameter name="stroke">#CCFFFF</se:SvgParameter>
                </se:Stroke>
              </se:Mark>
              <se:Opacity>0.5</se:Opacity>
              <se:Size>3</se:Size>
            </se:Graphic>
          </se:PointSymbolizer>
          <se:LineSymbolizer>
            <se:Geometry>
              <ogc:PropertyName>hy-p:geometry</ogc:PropertyName>
            </se:Geometry>
            <se:Stroke>
              <se:SvgParameter name="stroke">#FFCCCC</se:SvgParameter>
              <se:SvgParameter name="stroke-width">1</se:SvgParameter>
            </se:Stroke>
          </se:LineSymbolizer>
          <se:PolygonSymbolizer>
            <se:Geometry>
              <ogc:PropertyName>hy-p:geometry</ogc:PropertyName>
            </se:Geometry>
            <se:Fill>
              <se:SvgParameter name="fill">#FFCCCC</se:SvgParameter>
              <se:SvgParameter name="fill-opacity">0.5</se:SvgParameter>
            </se:Fill>
          </se:PolygonSymbolizer>
        </se:Rule>
      </se:FeatureTypeStyle>
      <se:FeatureTypeStyle version="1.1.0" xmlns:hy-p="http://inspire.ec.europa.eu/schemas/hy-p/4.0">
        <se:Description>
          <se:Title>Man-Made Objects Default Style</se:Title>
          <se:Abstract>There are only depicted the fully functional objects. Punctual objects are depicted with symbols; if the geometry is a curve they are depicted in solid or dashed lines with different stroke width and different colours depending on the feature type; if the geometry is a surface it will be a filled polygon of solid colour adding or not some marks, depending on the feature type. Point geometries of locks are rendered as a 8 sized cross with a light grey (#666666) color. Line geometries of locks are rendered as a light grey (#666666) line and a stroke-width of 1 pixel. Polygon geometries of locks are rendered using a dark grey (#999999) fill and a light grey (#666666) outline with a stroke width of 2 pixel.</se:Abstract>
        </se:Description>        
        <se:FeatureTypeName>hy-p:Lock</se:FeatureTypeName>
        <se:Rule>
          <se:Description>
            <se:Title>lock</se:Title>
          </se:Description>
          <ogc:Filter>
            <!-- FULLY FUNCTIONAL -->
            <ogc:PropertyIsEqualTo>
              <ogc:PropertyName>hy-p:condition/@xlink:href</ogc:PropertyName>
              <ogc:Literal>http://inspire.ec.europa.eu/codelist/ConditionOfFacilityValue/functional</ogc:Literal>
            </ogc:PropertyIsEqualTo>
          </ogc:Filter>
          <se:PointSymbolizer>
            <se:Geometry>
              <ogc:PropertyName>hy-p:geometry</ogc:PropertyName>
            </se:Geometry>
            <se:Graphic>
              <se:Mark>
                <se:WellKnownName>X</se:WellKnownName>
                <se:Fill>
                  <se:SvgParameter name="fill">#666666</se:SvgParameter>
                </se:Fill>
              </se:Mark>
              <se:Size>8</se:Size>
            </se:Graphic>
          </se:PointSymbolizer>
          <se:LineSymbolizer>
            <se:Geometry>
              <ogc:PropertyName>hy-p:geometry</ogc:PropertyName>
            </se:Geometry>
            <se:Stroke>
              <se:SvgParameter name="stroke">#666666</se:SvgParameter>
              <se:SvgParameter name="stroke-width">1</se:SvgParameter>
            </se:Stroke>
          </se:LineSymbolizer>
          <se:PolygonSymbolizer>
            <se:Geometry>
              <ogc:PropertyName>hy-p:geometry</ogc:PropertyName>
            </se:Geometry>
            <se:Fill>
              <se:SvgParameter name="fill">#999999</se:SvgParameter>
            </se:Fill>
            <se:Stroke>
              <se:SvgParameter name="stroke">#666666</se:SvgParameter>
              <se:SvgParameter name="stroke-width">1</se:SvgParameter>
            </se:Stroke>
          </se:PolygonSymbolizer>
        </se:Rule>
      </se:FeatureTypeStyle>
      <se:FeatureTypeStyle version="1.1.0" xmlns:hy-p="http://inspire.ec.europa.eu/schemas/hy-p/4.0">
        <se:Description>
          <se:Title>Man-Made Objects Default Style</se:Title>
          <se:Abstract>There are only depicted the fully functional objects. Punctual objects are depicted with symbols; if the geometry is a curve they are depicted in solid or dashed lines with different stroke width and different colours depending on the feature type; if the geometry is a surface it will be a filled polygon of solid colour adding or not some marks, depending on the feature type. Point geometries of embankments are rendered as a 8 sized cross with a light brown (#A0522D) color. Line geometries of embankments are rendered as a brown (#8B4513) line and a stroke-width of 1 pixel. Polygon geometries of embankments are rendered using a brown (#8B4513) fill and a 50% transparence.</se:Abstract>
        </se:Description>        
        <se:FeatureTypeName>hy-p:Embankment</se:FeatureTypeName>
        <se:Rule>
          <se:Description>
            <se:Title>embankment</se:Title>
          </se:Description>
          <ogc:Filter>
            <!-- FULLY FUNCTIONAL -->
            <ogc:PropertyIsEqualTo>
              <ogc:PropertyName>hy-p:condition</ogc:PropertyName>
              <ogc:Literal>http://inspire.ec.europa.eu/codelist/ConditionOfFacilityValue/functional</ogc:Literal>
            </ogc:PropertyIsEqualTo>
          </ogc:Filter>
          <se:PointSymbolizer>
            <se:Geometry>
              <ogc:PropertyName>hy-p:geometry</ogc:PropertyName>
            </se:Geometry>
            <se:Graphic>
              <se:Mark>
                <se:WellKnownName>X</se:WellKnownName>
                <se:Fill>
                  <se:SvgParameter name="fill">#A0522D</se:SvgParameter>
                </se:Fill>
              </se:Mark>
              <se:Size>8</se:Size>
            </se:Graphic>
          </se:PointSymbolizer>
          <se:LineSymbolizer>
            <se:Geometry>
              <ogc:PropertyName>hy-p:geometry</ogc:PropertyName>
            </se:Geometry>
            <se:Stroke>
              <se:SvgParameter name="stroke">#8B4513</se:SvgParameter>
              <se:SvgParameter name="stroke-width">1</se:SvgParameter>
            </se:Stroke>
          </se:LineSymbolizer>
          <se:PolygonSymbolizer>
            <se:Geometry>
              <ogc:PropertyName>hy-p:geometry</ogc:PropertyName>
            </se:Geometry>
            <se:Fill>
              <se:SvgParameter name="fill">#8B4513</se:SvgParameter>
              <se:SvgParameter name="fill-opacity">0.5</se:SvgParameter>
            </se:Fill>
          </se:PolygonSymbolizer>
        </se:Rule>
      </se:FeatureTypeStyle>
      <se:FeatureTypeStyle version="1.1.0" xmlns:hy-p="http://inspire.ec.europa.eu/schemas/hy-p/4.0">
        <se:Description>
          <se:Title>Man-Made Objects Default Style</se:Title>
          <se:Abstract>There are only depicted the fully functional objects. Punctual objects are depicted with symbols; if the geometry is a curve they are depicted in solid or dashed lines with different stroke width and different colours depending on the feature type; if the geometry is a surface it will be a filled polygon of solid colour adding or not some marks, depending on the feature type. Point geometries of sluices are rendered as a 10 sized square with a light blue (#87CEFA) color and blue (#104E8B) outline with a stroke width of 2 pixel. Line geometries of sluices are rendered as a blue (#104E8B) line and a stroke-width of 2 pixel. Polygon geometries of sluices are rendered using a light blue (#87CEFA) fill and a 50% transparence.</se:Abstract>
        </se:Description>        
        <se:FeatureTypeName>hy-p:Sluice</se:FeatureTypeName>
        <se:Rule>
          <se:Description>
            <se:Title>sluice</se:Title>
          </se:Description>
          <ogc:Filter>
            <!-- FULLY FUNCTIONAL -->
            <ogc:PropertyIsEqualTo>
              <ogc:PropertyName>hy-p:condition</ogc:PropertyName>
              <ogc:Literal>http://inspire.ec.europa.eu/codelist/ConditionOfFacilityValue/functional</ogc:Literal>
            </ogc:PropertyIsEqualTo>
          </ogc:Filter>
          <se:PointSymbolizer>
            <se:Geometry>
              <ogc:PropertyName>hy-p:geometry</ogc:PropertyName>
            </se:Geometry>
            <se:Graphic>
              <se:Mark>
                <se:WellKnownName>square</se:WellKnownName>
                <se:Fill>
                  <se:SvgParameter name="fill">#87CEFA</se:SvgParameter>
                </se:Fill>
                <se:Stroke>
                  <se:SvgParameter name="stroke">#104E8B</se:SvgParameter>
				  <se:SvgParameter name="stroke-width">2</se:SvgParameter>
                </se:Stroke>
              </se:Mark>
              <se:Size>10.0</se:Size>
            </se:Graphic>
          </se:PointSymbolizer>
          <se:LineSymbolizer>
            <se:Geometry>
              <ogc:PropertyName>hy-p:geometry</ogc:PropertyName>
            </se:Geometry>
            <se:Stroke>
              <se:SvgParameter name="stroke">#104E8B</se:SvgParameter>
              <se:SvgParameter name="stroke-width">2</se:SvgParameter>
            </se:Stroke>
          </se:LineSymbolizer>
          <se:PolygonSymbolizer>
            <se:Geometry>
              <ogc:PropertyName>hy-p:geometry</ogc:PropertyName>
            </se:Geometry>
            <se:Fill>
              <se:SvgParameter name="fill">#104E8B</se:SvgParameter>
              <se:SvgParameter name="fill-opacity">0.5</se:SvgParameter>
            </se:Fill>
          </se:PolygonSymbolizer>
        </se:Rule>
      </se:FeatureTypeStyle>
    </sld:UserStyle>
  </sld:NamedLayer>
</sld:StyledLayerDescriptor>
