<?xml version='1.0' encoding='UTF-8'?>
<sld:StyledLayerDescriptor version="1.1.0" xsi:schemaLocation="http://www.opengis.net/sld http://schemas.opengis.net/sld/1.1.0/StyledLayerDescriptor.xsd" xmlns:sld="http://www.opengis.net/sld" xmlns:ogc="http://www.opengis.net/ogc" xmlns:se="http://www.opengis.net/se" xmlns:xlink="http://www.w3.org/1999/xlink" xmlns:xsi="http://www.w3.org/2001/XMLSchema-instance">
  <sld:NamedLayer>
    <se:Name>HY.PhysicalWaters.Waterbodies.Persistence</se:Name>
    <se:Description>
		<se:Title>Waterbody (Persistence)</se:Title>
	</se:Description>    
    <sld:UserStyle>
      <se:Name>HY.PhysicalWaters.Waterbodies.Persistence.Default</se:Name>
        <sld:IsDefault>1</sld:IsDefault>
        <se:FeatureTypeStyle version="1.1.0" xmlns:hy-p="http://inspire.ec.europa.eu/schemas/hy-p/4.0">
          <se:Description>
            <se:Title>Water Bodies Persistence Style</se:Title>
            <se:Abstract>Physical waters as watercourses or standing water are depicted taking into account their water persistence. Perennial water bodies are depicted using the</se:Abstract>
          </se:Description>
          <se:FeatureTypeName>hy-p:Watercourse</se:FeatureTypeName>
          <se:Rule>
            <ogc:Filter>
                <ogc:PropertyIsEqualTo>
                  <ogc:PropertyName>persistence/@xlink:href</ogc:PropertyName>
                  <ogc:Literal>http://inspire.ec.europa.eu/codelist/HydrologicalPersistenceValue/intermittent</ogc:Literal>
                </ogc:PropertyIsEqualTo>
            </ogc:Filter>
          <se:LineSymbolizer>
            <se:Geometry>
              <ogc:PropertyName>hy-p:geometry</ogc:PropertyName>
            </se:Geometry>
              <se:Stroke>
                <se:SvgParameter name="stroke">#33CCFF</se:SvgParameter>
                <se:SvgParameter name="stroke-width">1</se:SvgParameter>
                <se:SvgParameter name="stroke-dasharray">10 5 10 5</se:SvgParameter>
              </se:Stroke>
          </se:LineSymbolizer>
          <se:PolygonSymbolizer>
            <se:Geometry>
              <ogc:PropertyName>hy-p:geometry</ogc:PropertyName>
            </se:Geometry>
              <se:Stroke>
                <se:SvgParameter name="stroke">#33CCFF</se:SvgParameter>
                <se:SvgParameter name="stroke-width">1</se:SvgParameter>
                <se:SvgParameter name="stroke-dasharray">10 5 10 5</se:SvgParameter>
              </se:Stroke>
          </se:PolygonSymbolizer>
          </se:Rule>
          <se:Rule>
            <ogc:Filter>
              <!-- Delineation is know, and DRY or EPHEMERAL -->
                <ogc:Or>
                  <ogc:PropertyIsEqualTo>
                    <ogc:PropertyName>persistence/@xlink:href</ogc:PropertyName>
                    <ogc:Literal>http://inspire.ec.europa.eu/codelist/HydrologicalPersistenceValue/ephemeral</ogc:Literal>
                  </ogc:PropertyIsEqualTo>
                  <ogc:PropertyIsEqualTo>
                    <ogc:PropertyName>persistence/@xlink:href</ogc:PropertyName>
                    <ogc:Literal>http://inspire.ec.europa.eu/codelist/HydrologicalPersistenceValue/dry</ogc:Literal>
                  </ogc:PropertyIsEqualTo>
                <ogc:PropertyIsEqualTo>
                  <ogc:PropertyName>delineationKnown</ogc:PropertyName>
                  <ogc:Literal>true</ogc:Literal>
                </ogc:PropertyIsEqualTo>
                </ogc:Or>
            </ogc:Filter>
          <se:LineSymbolizer>
            <se:Geometry>
              <ogc:PropertyName>hy-p:geometry</ogc:PropertyName>
            </se:Geometry>
              <se:Stroke>
                <se:SvgParameter name="stroke">#33CCFF</se:SvgParameter>
                <se:SvgParameter name="stroke-width">1</se:SvgParameter>
                <se:SvgParameter name="stroke-dasharray">5 5 5 5</se:SvgParameter>
              </se:Stroke>
          </se:LineSymbolizer>
          <se:PolygonSymbolizer>
            <se:Geometry>
              <ogc:PropertyName>hy-p:geometry</ogc:PropertyName>
            </se:Geometry>
              <se:Stroke>
              <se:SvgParameter name="stroke">#33CCFF</se:SvgParameter>
              <se:SvgParameter name="stroke-width">1</se:SvgParameter>
              <se:SvgParameter name="stroke-dasharray">5 5 5 5</se:SvgParameter>
            </se:Stroke>
          </se:PolygonSymbolizer>
          </se:Rule>
      </se:FeatureTypeStyle>
    </sld:UserStyle>
  </sld:NamedLayer>
</sld:StyledLayerDescriptor>