<?xml version='1.0' encoding='UTF-8'?>
<!--
   Source http://inspire.jrc.ec.europa.eu/documents/Data_Specifications/INSPIRE_DataSpecification_HY_v3.1.pdf

   XML is invalid against StyledLayerDescriptor.xsd! 
   Element '{http://www.opengis.net/se}FeatureTypeName': This element is not expected., line 26 

   http://github.com/JuergenWeichand/inspire-styles (2016-09-18 12:48:23)
-->
<sld:StyledLayerDescriptor xmlns:sld="http://www.opengis.net/sld" xmlns:ogc="http://www.opengis.net/ogc" xmlns:se="http://www.opengis.net/se" xmlns:xlink="http://www.w3.org/1999/xlink" xmlns:xsi="http://www.w3.org/2001/XMLSchema-instance" version="1.1.0" xsi:schemaLocation="http://www.opengis.net/sld http://schemas.opengis.net/sld/1.1.0/StyledLayerDescriptor.xsd">
  <sld:NamedLayer>
    <se:Name>HY.PhysicalWaters.Catchments</se:Name>
    <se:Description>
		<se:Title>Catchment</se:Title>
	</se:Description>
    <sld:UserStyle>
      <se:Name>HY.PhysicalWaters.Catchments.Default</se:Name>
      <sld:IsDefault>1</sld:IsDefault>
      <se:FeatureTypeStyle version="1.1.0" xmlns:hy-p="http://inspire.ec.europa.eu/schemas/hy-p/4.0">
        <se:Description>
          <se:Title>Catchments Default Style</se:Title>
          <se:Abstract>Drainage Basin areas are portrayed by no filled polygons with a solid blue (#0066FF) border with stroke width of 4 pixel the RiverBasin features and with stroke width of 2 pixel the DrainageBasin ones.</se:Abstract>
        </se:Description>
        <se:FeatureTypeName>hy-p:DrainageBasin</se:FeatureTypeName>
        <se:Rule>
        <se:Description>
          <se:Title>physical waters - catchments: drainage basin</se:Title>
        </se:Description>
          <ogc:Filter>
            <ogc:PropertyIsEqualTo>
              <ogc:PropertyName>hy-p:PhysicalWaters.Catchments</ogc:PropertyName>
              <ogc:Literal>DrainageBasin</ogc:Literal>
            </ogc:PropertyIsEqualTo>
          </ogc:Filter>
          <se:PolygonSymbolizer>
            <se:Geometry>
              <ogc:PropertyName>hy-p:geometry</ogc:PropertyName>
            </se:Geometry>
            <se:Stroke>
              <se:SvgParameter name="stroke">#0066FF</se:SvgParameter>
              <se:SvgParameter name="stroke-width">2</se:SvgParameter>
            </se:Stroke>
          </se:PolygonSymbolizer>
        </se:Rule>
      </se:FeatureTypeStyle>
      <se:FeatureTypeStyle version="1.1.0" xmlns:hy-p="http://inspire.ec.europa.eu/schemas/hy-p/4.0">
        <se:Description>
          <se:Title>Catchments Default Style</se:Title>
          <se:Abstract>Drainage Basin areas are portrayed by no filled polygons with a solid blue (#0066FF) border with stroke width of 4 pixel the RiverBasin features and with stroke width of 2 pixel the DrainageBasin ones.</se:Abstract>
        </se:Description>
        <se:FeatureTypeName>hy-p:RiverBasin</se:FeatureTypeName>
        <se:Rule>
        <se:Description>
          <se:Title>physical waters - catchments: river basin</se:Title>
        </se:Description>
          <ogc:Filter>
            <ogc:PropertyIsEqualTo>
              <ogc:PropertyName>hy-p:PhysicalWaters.Catchments</ogc:PropertyName>
              <ogc:Literal>RiverBasin</ogc:Literal>
            </ogc:PropertyIsEqualTo>
          </ogc:Filter>
          <se:PolygonSymbolizer>
            <se:Geometry>
              <ogc:PropertyName>hy-p:geometry</ogc:PropertyName>
            </se:Geometry>
            <se:Stroke>
              <se:SvgParameter name="stroke">#0066FF</se:SvgParameter>
              <se:SvgParameter name="stroke-width">4</se:SvgParameter>
            </se:Stroke>
          </se:PolygonSymbolizer>
        </se:Rule>
      </se:FeatureTypeStyle>
    </sld:UserStyle>
  </sld:NamedLayer>
</sld:StyledLayerDescriptor>
