<?xml version='1.0' encoding='UTF-8'?>
<!-- FBurkamp: an dieser Stelle sind Bilder hingelegt, die nicht abgerufen werden können. (2017-06-13 14:32) -->
<sld:StyledLayerDescriptor xmlns:sld="http://www.opengis.net/sld" xmlns:ogc="http://www.opengis.net/ogc" xmlns:se="http://www.opengis.net/se" xmlns:xlink="http://www.w3.org/1999/xlink" xmlns:xsi="http://www.w3.org/2001/XMLSchema-instance" version="1.1.0" xsi:schemaLocation="http://www.opengis.net/sld http://schemas.opengis.net/sld/1.1.0/StyledLayerDescriptor.xsd">
  <sld:NamedLayer>
    <se:Name>HY.PhysicalWaters.HydroPointOfInterest</se:Name>
    <se:Description>
		<se:Title>Hydro Point of Interest</se:Title>
	</se:Description>
    <sld:UserStyle>
      <se:Name>HY.PhysicalWaters.HydroPointOfInterest.Default</se:Name>
      <sld:IsDefault>1</sld:IsDefault>
      <se:FeatureTypeStyle version="1.1.0" xmlns:hy-p="http://inspire.ec.europa.eu/schemas/hy-p/4.0">
        <se:Description>
          <se:Title>Hydrographic Points Of Interest Default Style</se:Title>
          <se:Abstract>Fluvial points as rapids or falls are depicted with symbols; if the geometry is a curve they are depicted in aligned blue (#0066FF) marks (stars for Falls and crosses for Rapids); if the geometry is a surface it will be an area with blue (#0066FF) marks (stars for Falls and crosses for Rapids).</se:Abstract>
        </se:Description>
        <se:FeatureTypeName>hy-p:Rapids</se:FeatureTypeName>
        <se:Rule>
        <se:Description>
          <se:Title>physical waters - hydrographic points of interest: rapids</se:Title>
        </se:Description>
          <se:PointSymbolizer>
            <se:Geometry>
              <ogc:PropertyName>hy-p:geometry</ogc:PropertyName>
            </se:Geometry>
            <se:Graphic>
            	<!-- 
              <se:ExternalGraphic>
                <se:OnlineResource xmlns:xlink="http://www.w3.org/1999/xlink" xlink:type="simple" xlink:href="http://.../HY.PhysicalWaters.HydroPointOfInterest.Default-Rapids.png"/>
                <se:Format>image/png</se:Format>
              </se:ExternalGraphic>
                  -->
                  <se:Mark>
                    <se:WellKnownName>star</se:WellKnownName>
                    <se:Fill>
                      <se:SvgParameter name="fill">#0066FF</se:SvgParameter>
                    </se:Fill>
                  </se:Mark>
                  
              <se:Size>10.0</se:Size>
            </se:Graphic>
          </se:PointSymbolizer>
          <se:LineSymbolizer>
            <se:Geometry>
              <ogc:PropertyName>hy-p:geometry</ogc:PropertyName>
            </se:Geometry>
            <se:Stroke>
              <se:GraphicStroke>
                <se:Graphic>
                  <se:Mark>
                    <se:WellKnownName>cross</se:WellKnownName>
                    <se:Fill>
                      <se:SvgParameter name="fill">#0066FF</se:SvgParameter>
                    </se:Fill>
                  </se:Mark>
                  <se:Size>5.0</se:Size>
                </se:Graphic>
              </se:GraphicStroke>
            </se:Stroke>
          </se:LineSymbolizer>
          <se:PolygonSymbolizer>
            <se:Geometry>
              <ogc:PropertyName>hy-p:geometry</ogc:PropertyName>
            </se:Geometry>
            <se:Fill>
              <se:GraphicFill>
                <se:Graphic>
                  <se:Mark>
                    <se:WellKnownName>cross</se:WellKnownName>
                    <se:Fill>
                      <se:SvgParameter name="fill">#0066FF</se:SvgParameter>
                    </se:Fill>
                  </se:Mark>
                  <se:Size>5.0</se:Size>
                </se:Graphic>
              </se:GraphicFill>
            </se:Fill>
          </se:PolygonSymbolizer>
        </se:Rule>
      </se:FeatureTypeStyle>
      <se:FeatureTypeStyle version="1.1.0" xmlns:hy-p="http://inspire.ec.europa.eu/schemas/hy-p/4.0">
        <se:Description>
          <se:Title>Hydrographic Points Of Interest Default Style</se:Title>
          <se:Abstract>Fluvial points as rapids or falls are depicted with symbols; if the geometry is a curve they are depicted in aligned blue (#0066FF) marks (stars for Falls and crosses for Rapids); if the geometry is a surface it will be an area with blue (#0066FF) marks (stars for Falls and crosses for Rapids).</se:Abstract>
        </se:Description>
        <se:FeatureTypeName>hy-p:Falls</se:FeatureTypeName>
        <se:Rule>
        <se:Description>
          <se:Title>physical waters - hydrographic points of interest: falls</se:Title>
        </se:Description>
          <se:PointSymbolizer>
            <se:Geometry>
              <ogc:PropertyName>hy-p:geometry</ogc:PropertyName>
            </se:Geometry>
            <se:Graphic>
            <!--
              <se:ExternalGraphic>
                <se:OnlineResource xmlns:xlink="http://www.w3.org/1999/xlink" xlink:type="simple" xlink:href="http://.../HY.PhysicalWaters.HydroPointOfInterest.Default-Falls.png"/>
                <se:Format>image/png</se:Format>
              </se:ExternalGraphic>

            	 broken link, disabled temporary and replaced by star marker  

             -->
                  <se:Mark>
                    <se:WellKnownName>star</se:WellKnownName>
                    <se:Fill>
                      <se:SvgParameter name="fill">#0066FF</se:SvgParameter>
                    </se:Fill>
                  </se:Mark>

              <se:Size>10.0</se:Size>
            </se:Graphic>
          </se:PointSymbolizer>
          <se:LineSymbolizer>
            <se:Geometry>
              <ogc:PropertyName>hy-p:geometry</ogc:PropertyName>
            </se:Geometry>
            <se:Stroke>
              <se:GraphicStroke>
                <se:Graphic>
                  <se:Mark>
                    <se:WellKnownName>star</se:WellKnownName>
                    <se:Fill>
                      <se:SvgParameter name="fill">#0066FF</se:SvgParameter>
                    </se:Fill>
                  </se:Mark>
                  <se:Size>5.0</se:Size>
                </se:Graphic>
              </se:GraphicStroke>
            </se:Stroke>
          </se:LineSymbolizer>
          <se:PolygonSymbolizer>
            <se:Geometry>
              <ogc:PropertyName>hy-p:geometry</ogc:PropertyName>
            </se:Geometry>
            <se:Fill>
              <se:GraphicFill>
                <se:Graphic>
                  <se:Mark>
                    <se:WellKnownName>star</se:WellKnownName>
                    <se:Fill>
                      <se:SvgParameter name="fill">#0066FF</se:SvgParameter>
                    </se:Fill>
                  </se:Mark>
                  <se:Size>5.0</se:Size>
                </se:Graphic>
              </se:GraphicFill>
            </se:Fill>
          </se:PolygonSymbolizer>
        </se:Rule>
      </se:FeatureTypeStyle>
    </sld:UserStyle>
  </sld:NamedLayer>
</sld:StyledLayerDescriptor>
