<?xml version='1.0' encoding='UTF-8'?>
<!-- FBurkamp: Kontent der SLD nach Abstract ergänzt. (2017-06-01 08:25) -->
<sld:StyledLayerDescriptor version="1.1.0" xsi:schemaLocation="http://www.opengis.net/sld http://schemas.opengis.net/sld/1.1.0/StyledLayerDescriptor.xsd" xmlns:sld="http://www.opengis.net/sld" xmlns:ogc="http://www.opengis.net/ogc" xmlns:se="http://www.opengis.net/se" xmlns:xlink="http://www.w3.org/1999/xlink" xmlns:xsi="http://www.w3.org/2001/XMLSchema-instance">
  <sld:NamedLayer>
    <se:Name>HY.PhysicalWaters.Waterbodies.Persistence</se:Name>
    <se:Description>
		<se:Title>Waterbody (Persistence)</se:Title>
	</se:Description>
    <sld:UserStyle>
      <se:Name>HY.PhysicalWaters.Waterbodies.Persistence.Default</se:Name>
        <sld:IsDefault>1</sld:IsDefault>
        <se:FeatureTypeStyle version="1.1.0" xmlns:hy-p="http://inspire.ec.europa.eu/schemas/hy-p/4.0">
          <se:Description>
            <se:Title>Water Bodies Persistence Default Style</se:Title>
            <se:Abstract>Physical waters as watercourses or standing water are depicted taking into account their water persistence. Intermittent water bodies are depicted using a dashed (10 to 5) blue (#33CCFF) line with a strole width of 1 pixel and a non filled polygon with a dashed (10 to 5) blue (#33CCFF) line with a stroke width of 1 pixel. Ephemeral or dry waterbodies are depicted using a dashed (5 to 5) blue (#33CCFF) line with a strole width of 1 pixel and a non filled polygon with a dashed (5 to 5) blue (#33CCFF) line with a stroke width of 1 pixel. Perennial standing waters are depicted using a 6 pixel size filled solid blue circles (#0066FF) on a light blue (#CCFFFF) filled polygon. Intermittent standing waters are depicted using a non filled polygon with a dashed (10 to 5) blue (#33CCFF) line with a stroke width of 1 pixel. Ephemeral or dry standing waters are depicted using a non filled polygon with a dashed (5 to 5) blue (#33CCFF) line with a stroke width of 1 pixel.</se:Abstract>
          </se:Description>
          <se:FeatureTypeName>hy-p:Watercourse</se:FeatureTypeName>
          <se:Rule>
          <se:Description>
            <se:Title>waterbodies persistence: intermittent</se:Title>
          </se:Description>
            <ogc:Filter>
                <ogc:PropertyIsEqualTo>
                  <ogc:PropertyName>hy-p:persistence/@xlink:href</ogc:PropertyName>
                  <ogc:Literal>http://inspire.ec.europa.eu/codelist/HydrologicalPersistenceValue/intermittent</ogc:Literal>
                </ogc:PropertyIsEqualTo>
            </ogc:Filter>
          <se:LineSymbolizer>
            <se:Geometry>
              <ogc:PropertyName>hy-p:geometry</ogc:PropertyName>
            </se:Geometry>
              <se:Stroke>
                <se:SvgParameter name="stroke">#33CCFF</se:SvgParameter>
                <se:SvgParameter name="stroke-width">1</se:SvgParameter>
                <se:SvgParameter name="stroke-dasharray">10 5 10 5</se:SvgParameter>
              </se:Stroke>
          </se:LineSymbolizer>
          <se:PolygonSymbolizer>
            <se:Geometry>
              <ogc:PropertyName>hy-p:geometry</ogc:PropertyName>
            </se:Geometry>
              <se:Stroke>
                <se:SvgParameter name="stroke">#33CCFF</se:SvgParameter>
                <se:SvgParameter name="stroke-width">1</se:SvgParameter>
                <se:SvgParameter name="stroke-dasharray">10 5 10 5</se:SvgParameter>
              </se:Stroke>
          </se:PolygonSymbolizer>
          </se:Rule>
          <se:Rule>
          <se:Description>
            <se:Title>waterbodies persistence: ephemeral or dry</se:Title>
          </se:Description>
            <ogc:Filter>
              <!-- Delineation is know, and DRY or EPHEMERAL -->
                <ogc:Or>
                  <ogc:PropertyIsEqualTo>
                    <ogc:PropertyName>hy-p:persistence/@xlink:href</ogc:PropertyName>
                    <ogc:Literal>http://inspire.ec.europa.eu/codelist/HydrologicalPersistenceValue/ephemeral</ogc:Literal>
                  </ogc:PropertyIsEqualTo>
                  <ogc:PropertyIsEqualTo>
                    <ogc:PropertyName>hy-p:persistence/@xlink:href</ogc:PropertyName>
                    <ogc:Literal>http://inspire.ec.europa.eu/codelist/HydrologicalPersistenceValue/dry</ogc:Literal>
                  </ogc:PropertyIsEqualTo>
                <ogc:PropertyIsEqualTo>
                  <ogc:PropertyName>hy-p:delineationKnown</ogc:PropertyName>
                  <ogc:Literal>true</ogc:Literal>
                </ogc:PropertyIsEqualTo>
                </ogc:Or>
            </ogc:Filter>
          <se:LineSymbolizer>
            <se:Geometry>
              <ogc:PropertyName>hy-p:geometry</ogc:PropertyName>
            </se:Geometry>
              <se:Stroke>
                <se:SvgParameter name="stroke">#33CCFF</se:SvgParameter>
                <se:SvgParameter name="stroke-width">1</se:SvgParameter>
                <se:SvgParameter name="stroke-dasharray">5 5 5 5</se:SvgParameter>
              </se:Stroke>
          </se:LineSymbolizer>
          <se:PolygonSymbolizer>
            <se:Geometry>
              <ogc:PropertyName>hy-p:geometry</ogc:PropertyName>
            </se:Geometry>
              <se:Stroke>
              <se:SvgParameter name="stroke">#33CCFF</se:SvgParameter>
              <se:SvgParameter name="stroke-width">1</se:SvgParameter>
              <se:SvgParameter name="stroke-dasharray">5 5 5 5</se:SvgParameter>
            </se:Stroke>
          </se:PolygonSymbolizer>
          </se:Rule>
       </se:FeatureTypeStyle>
       <se:FeatureTypeStyle version="1.1.0" xmlns:hy-p="http://inspire.ec.europa.eu/schemas/hy-p/4.0">
          <se:Description>
            <se:Title>Water Bodies Persistence Default Style</se:Title>
            <se:Abstract>Physical waters as watercourses or standing water are depicted taking into account their water persistence. Intermittent water bodies are depicted using a dashed (10 to 5) blue (#33CCFF) line with a strole width of 1 pixel and a non filled polygon with a dashed (10 to 5) blue (#33CCFF) line with a stroke width of 1 pixel. Ephemeral or dry waterbodies are depicted using a dashed (5 to 5) blue (#33CCFF) line with a strole width of 1 pixel and a non filled polygon with a dashed (5 to 5) blue (#33CCFF) line with a stroke width of 1 pixel. Perennial standing waters are depicted using a 6 pixel size filled solid blue circles (#0066FF) on a light blue (#CCFFFF) filled polygon. Intermittent standing waters are depicted using a non filled polygon with a dashed (10 to 5) blue (#33CCFF) line with a stroke width of 1 pixel. Ephemeral or dry standing waters are depicted using a non filled polygon with a dashed (5 to 5) blue (#33CCFF) line with a stroke width of 1 pixel.</se:Abstract>
          </se:Description>
          <se:FeatureTypeName>hy-p:StandingWater</se:FeatureTypeName>
          <se:Rule>
          <se:Description>
            <se:Title>standing waters persistence: perennial</se:Title>
          </se:Description>
            <ogc:Filter>
              <!-- PERENNIAL -->
              <ogc:PropertyIsEqualTo>
                <ogc:PropertyName>hy-p:persistence/@xlink:href</ogc:PropertyName>
                <ogc:Literal>http://inspire.ec.europa.eu/codelist/HydrologicalPersistenceValue/perennial</ogc:Literal>
              </ogc:PropertyIsEqualTo>
            </ogc:Filter>
              <se:PointSymbolizer>
                <se:Geometry>
                  <ogc:PropertyName>hy-p:geometry</ogc:PropertyName>
                </se:Geometry>
                <se:Graphic>
                  <se:Mark>
                    <se:WellKnownName>circle</se:WellKnownName>
                  <se:Fill>
                    <se:SvgParameter name="fill">#0066FF</se:SvgParameter>
                  </se:Fill>
                  </se:Mark>
                  <se:Size>6</se:Size>
                </se:Graphic>
              </se:PointSymbolizer>
              <se:PolygonSymbolizer>
                <se:Geometry>
                  <ogc:PropertyName>hy-p:geometry</ogc:PropertyName>
                </se:Geometry>
                <se:Fill>
                  <se:SvgParameter name="fill">#CCFFFF</se:SvgParameter>
                </se:Fill>
              </se:PolygonSymbolizer>
          </se:Rule>
          <se:Rule>
          <se:Description>
            <se:Title>standing waters persistence: intermittent</se:Title>
          </se:Description>
          <ogc:Filter>
              <!-- INTERMITTENT, only polygons- -->
              <ogc:PropertyIsEqualTo>
                <ogc:PropertyName>hy-p:persistence/@xlink:href</ogc:PropertyName>
                <ogc:Literal>http://inspire.ec.europa.eu/codelist/HydrologicalPersistenceValue/intermittent</ogc:Literal>
              </ogc:PropertyIsEqualTo>
          </ogc:Filter>
            <se:PolygonSymbolizer>
              <se:Geometry>
              <ogc:PropertyName>hy-p:geometry</ogc:PropertyName>
              </se:Geometry>
                <se:Stroke>
                <se:SvgParameter name="stroke">#33CCFF</se:SvgParameter>
                <se:SvgParameter name="stroke-width">1</se:SvgParameter>
                <se:SvgParameter name="stroke-dasharray">10 5 10 5</se:SvgParameter>
              </se:Stroke>
            </se:PolygonSymbolizer>
          </se:Rule>
          <se:Rule>
          <se:Description>
            <se:Title>standing waters persistence: ephemeral or dry</se:Title>
          </se:Description>
            <ogc:Filter>
                <!-- DRY or EPHEMERAL, only polygons- -->
            <ogc:Or>
              <ogc:PropertyIsEqualTo>
                <ogc:PropertyName>hy-p:persistence/@xlink:href</ogc:PropertyName>
                <ogc:Literal>http://inspire.ec.europa.eu/codelist/HydrologicalPersistenceValue/ephemeral</ogc:Literal>
              </ogc:PropertyIsEqualTo>
              <ogc:PropertyIsEqualTo>
                <ogc:PropertyName>hy-p:persistence/@xlink:href</ogc:PropertyName>
                <ogc:Literal>http://inspire.ec.europa.eu/codelist/HydrologicalPersistenceValue/dry</ogc:Literal>
              </ogc:PropertyIsEqualTo>
            </ogc:Or>
            </ogc:Filter>
              <se:PolygonSymbolizer>
                <se:Geometry>
                  <ogc:PropertyName>hy-p:geometry</ogc:PropertyName>
                </se:Geometry>
                  <se:Stroke>
                    <se:SvgParameter name="stroke">#33CCFF</se:SvgParameter>
                    <se:SvgParameter name="stroke-width">1</se:SvgParameter>
                    <se:SvgParameter name="stroke-dasharray">5 5 5 5</se:SvgParameter>
                  </se:Stroke>
              </se:PolygonSymbolizer>
          </se:Rule>
      </se:FeatureTypeStyle>
    </sld:UserStyle>
  </sld:NamedLayer>
</sld:StyledLayerDescriptor>