<?xml version='1.0' encoding='UTF-8'?>
<!--
   Source http://inspire.jrc.ec.europa.eu/documents/Data_Specifications/INSPIRE_DataSpecification_PS_v3.1.pdf

   XML is valid against StyledLayerDescriptor.xsd! 

   http://github.com/JuergenWeichand/inspire-styles (2016-09-18 12:48:24)
-->
<sld:StyledLayerDescriptor xmlns:sld="http://www.opengis.net/sld" xmlns:ogc="http://www.opengis.net/ogc" xmlns:se="http://www.opengis.net/se" xmlns:xlink="http://www.w3.org/1999/xlink" xmlns:xsi="http://www.w3.org/2001/XMLSchema-instance" version="1.1.0" xsi:schemaLocation="http://www.opengis.net/sld http://schemas.opengis.net/sld/1.1.0/StyledLayerDescriptor.xsd">
  <sld:NamedLayer>
    <se:Name>PS.ProtectedSites</se:Name>
    <se:Description>
		<se:Title>Protected Sites</se:Title>
	</se:Description>    
    <sld:UserStyle>
      <se:Name>PS.ProtectedSite.Default</se:Name>
      <sld:IsDefault>1</sld:IsDefault>
      <se:FeatureTypeStyle xmlns:PS="urn:xinspire:specification:ProtectedSites:3.1" version="1.1.0" xmlns:ps="http://inspire.ec.europa.eu/schemas/ps/4.0">
        <se:Description>
          <se:Title>Protected Sites Default Style</se:Title>
          <se:Abstract>Point geometries are rendered as a square with a size of 6 pixels, with a 50% grey (#808080) fill and a black outline. Line geometries are rendered as a solid black line with a stroke width of 1 pixel. Polygon geometries are rendered using a 50% grey (#808080) fill and a solid black outline with a stroke width of 1 pixel.</se:Abstract>
        </se:Description>
        <se:FeatureTypeName>ps:ProtectedSites</se:FeatureTypeName>
        <se:Rule>
          <se:PolygonSymbolizer>
            <se:Geometry>
              <ogc:PropertyName>geometry</ogc:PropertyName>
            </se:Geometry>
          </se:PolygonSymbolizer>
          <se:LineSymbolizer>
            <se:Geometry>
              <ogc:PropertyName>geometry</ogc:PropertyName>
            </se:Geometry>
          </se:LineSymbolizer>
          <se:PointSymbolizer>
            <se:Geometry>
              <ogc:PropertyName>geometry</ogc:PropertyName>
            </se:Geometry>
          </se:PointSymbolizer>
        </se:Rule>
      </se:FeatureTypeStyle>
    </sld:UserStyle>
  </sld:NamedLayer>
</sld:StyledLayerDescriptor>
