<?xml version='1.0' encoding='UTF-8'?>
<!--
   Source http://inspire.jrc.ec.europa.eu/documents/Data_Specifications/INSPIRE_DataSpecification_TN_v3.1.pdf

   XML is invalid against StyledLayerDescriptor.xsd! 
   Element '{http://www.opengis.net/se}FeatureTypeName': The QName value 'TN:AirLink' has no corresponding namespace declaration in scope., line 13 

   http://github.com/JuergenWeichand/inspire-styles (2016-09-18 12:48:22)
-->
<!-- FBurkamp: Kontent der SLD nach Abstract ergänzt. (2017-06-01 08:18) -->
<sld:StyledLayerDescriptor xmlns:sld="http://www.opengis.net/sld" xmlns:ogc="http://www.opengis.net/ogc" xmlns:se="http://www.opengis.net/se" xmlns:xlink="http://www.w3.org/1999/xlink" xmlns:xsi="http://www.w3.org/2001/XMLSchema-instance" version="1.1.0" xsi:schemaLocation="http://www.opengis.net/sld http://schemas.opengis.net/sld/1.1.0/StyledLayerDescriptor.xsd">
  <sld:NamedLayer>
    <se:Name>TN.AirTransportNetwork.AirLink</se:Name>
    <se:Description>
		<se:Title>Air Link</se:Title>
	</se:Description>
    <sld:UserStyle>
      <se:Name>TN.AirTransportNetwork.AirLink.Default</se:Name>
      <sld:IsDefault>1</sld:IsDefault>
      <se:FeatureTypeStyle version="1.1.0" xmlns:tn-a="http://inspire.ec.europa.eu/schemas/tn-a/4.0" xmlns:net="http://inspire.ec.europa.eu/schemas/net/4.0">
        <se:Description>
          <se:Title>Air Link Default Style</se:Title>
          <se:Abstract>The geometry is rendered as a solid Maroon (#800000)line with a stroke width of 3 pixel . Ends are rounded and have a 2 pixel black (#000000) casing.</se:Abstract>
        </se:Description>
        <se:FeatureTypeName>tn-a:ProcedureLink</se:FeatureTypeName>
        <se:Rule>
        <se:Description>
          <se:Title>air link</se:Title>
        </se:Description>
          <se:LineSymbolizer>
            <se:Geometry>
              <ogc:PropertyName>net:centrelineGeometry</ogc:PropertyName>
            </se:Geometry>
            <se:Stroke>
              <se:SvgParameter name="stroke">#000000</se:SvgParameter>
              <se:SvgParameter name="stroke-width">7</se:SvgParameter>
              <se:SvgParameter name="stroke-linejoin">bevel</se:SvgParameter>
              <se:SvgParameter name="stroke-linecap">round</se:SvgParameter>
            </se:Stroke>
          </se:LineSymbolizer>
          <se:LineSymbolizer>
            <se:Geometry>
              <ogc:PropertyName>net:centrelineGeometry</ogc:PropertyName>
            </se:Geometry>
            <se:Stroke>
              <se:SvgParameter name="stroke">#800000</se:SvgParameter>
              <se:SvgParameter name="stroke-width">3</se:SvgParameter>
              <se:SvgParameter name="stroke-linejoin">bevel</se:SvgParameter>
              <se:SvgParameter name="stroke-linecap">round</se:SvgParameter>
            </se:Stroke>
          </se:LineSymbolizer>
        </se:Rule>
      </se:FeatureTypeStyle>
      <se:FeatureTypeStyle version="1.1.0" xmlns:tn-a="http://inspire.ec.europa.eu/schemas/tn-a/4.0" xmlns:net="http://inspire.ec.europa.eu/schemas/net/4.0">
        <se:Description>
          <se:Title>Air Link Default Style</se:Title>
          <se:Abstract>The geometry is rendered as a solid Maroon (#800000)line with a stroke width of 3 pixel . Ends are rounded and have a 2 pixel black (#000000) casing.</se:Abstract>
        </se:Description>
        <se:FeatureTypeName>tn-a:AirRouteLink</se:FeatureTypeName>
        <se:Rule>
        <se:Description>
          <se:Title>air link</se:Title>
        </se:Description>
          <se:LineSymbolizer>
            <se:Geometry>
              <ogc:PropertyName>net:centrelineGeometry</ogc:PropertyName>
            </se:Geometry>
            <se:Stroke>
              <se:SvgParameter name="stroke">#000000</se:SvgParameter>
              <se:SvgParameter name="stroke-width">7</se:SvgParameter>
              <se:SvgParameter name="stroke-linejoin">bevel</se:SvgParameter>
              <se:SvgParameter name="stroke-linecap">round</se:SvgParameter>
            </se:Stroke>
          </se:LineSymbolizer>
          <se:LineSymbolizer>
            <se:Geometry>
              <ogc:PropertyName>net:centrelineGeometry</ogc:PropertyName>
            </se:Geometry>
            <se:Stroke>
              <se:SvgParameter name="stroke">#800000</se:SvgParameter>
              <se:SvgParameter name="stroke-width">3</se:SvgParameter>
              <se:SvgParameter name="stroke-linejoin">bevel</se:SvgParameter>
              <se:SvgParameter name="stroke-linecap">round</se:SvgParameter>
            </se:Stroke>
          </se:LineSymbolizer>
        </se:Rule>
      </se:FeatureTypeStyle>
    </sld:UserStyle>
  </sld:NamedLayer>
</sld:StyledLayerDescriptor>