<?xml version='1.0' encoding='UTF-8'?>
<!--
   Source http://inspire.jrc.ec.europa.eu/documents/Data_Specifications/INSPIRE_DataSpecification_TN_v3.1.pdf

   XML is invalid against StyledLayerDescriptor.xsd! 
   Element '{http://www.opengis.net/se}FeatureTypeName': The QName value 'TN:AirspaceArea' has no corresponding namespace declaration in scope., line 13 

   http://github.com/JuergenWeichand/inspire-styles (2016-09-18 12:48:22)
-->
<!-- FBurkamp: Kontent der SLD nach Abstract ergänzt. (2017-06-01 08:14) -->
<sld:StyledLayerDescriptor xmlns:sld="http://www.opengis.net/sld" xmlns:ogc="http://www.opengis.net/ogc" xmlns:se="http://www.opengis.net/se" xmlns:xlink="http://www.w3.org/1999/xlink" xmlns:xsi="http://www.w3.org/2001/XMLSchema-instance" version="1.1.0" xsi:schemaLocation="http://www.opengis.net/sld http://schemas.opengis.net/sld/1.1.0/StyledLayerDescriptor.xsd">
  <sld:NamedLayer>
    <se:Name>TN.AirTransportNetwork.AirSpaceArea</se:Name>
    <se:Description>
		<se:Title>Air Space Area</se:Title>
	</se:Description>    
    <sld:UserStyle>
      <se:Name>TN.AirTransportNetwork.AirSpaceArea.Default</se:Name>
      <sld:IsDefault>1</sld:IsDefault>
      <se:FeatureTypeStyle version="1.1.0" xmlns:tn-a="http://inspire.ec.europa.eu/schemas/tn-a/4.0">
        <se:Description>
          <se:Title>Air Space Area Default Style</se:Title>
          <se:Abstract>The geometry is rendered using a 25% Magenta (#8B008B) fill and a solid Magenta (#8B008B) outline with a stroke width of 2 pixel.</se:Abstract>
        </se:Description>
        <se:FeatureTypeName>tn-a:AirspaceArea</se:FeatureTypeName>
        <se:Rule>
        <se:Description>
          <se:Title>air space area</se:Title>
        </se:Description>
          <se:PolygonSymbolizer>
            <se:Geometry>
              <ogc:PropertyName>tn-a:geometry</ogc:PropertyName>
            </se:Geometry>
            <se:Fill>
              <se:SvgParameter name="fill">#8B008B</se:SvgParameter>
              <se:SvgParameter name="fill-opacity">0.75</se:SvgParameter>
            </se:Fill>
            <se:Stroke>
              <se:SvgParameter name="stroke">#8B008B</se:SvgParameter>
              <se:SvgParameter name="stroke-width">2</se:SvgParameter>
            </se:Stroke>
          </se:PolygonSymbolizer>
        </se:Rule>
      </se:FeatureTypeStyle>
    </sld:UserStyle>
  </sld:NamedLayer>
</sld:StyledLayerDescriptor>
