<?xml version='1.0' encoding='UTF-8'?>
<sld:StyledLayerDescriptor xmlns:sld="http://www.opengis.net/sld" xmlns:ogc="http://www.opengis.net/ogc" xmlns:se="http://www.opengis.net/se" xmlns:xlink="http://www.w3.org/1999/xlink" xmlns:xsi="http://www.w3.org/2001/XMLSchema-instance" version="1.1.0" xsi:schemaLocation="http://www.opengis.net/sld http://schemas.opengis.net/sld/1.1.0/StyledLayerDescriptor.xsd">
  <sld:NamedLayer>
    <se:Name>TN.CommonTransportElements.TransportLink</se:Name>
	<se:Description>
		<se:Title>Generic Transport Link</se:Title>
	</se:Description>     
    <sld:UserStyle>
      <se:Name>TN.CommonTransportElements.TransportLink.Default</se:Name>
      <sld:IsDefault>1</sld:IsDefault>
      <se:FeatureTypeStyle version="1.1.0" xmlns:tn="http://inspire.ec.europa.eu/schemas/tn/4.0" xmlns:net="http://inspire.ec.europa.eu/schemas/net/4.0">
        <se:Description>
          <se:Title>Transport Link Default Style</se:Title>
          <se:Abstract>The geometry is rendered as a solid Black line with a stroke width of 3 pixel (#000000). Ends are rounded and have a 2 pixel black casing (#000000).</se:Abstract>
        </se:Description>
        <se:FeatureTypeName>tn:Link</se:FeatureTypeName>
        <se:Rule>
          <se:LineSymbolizer>
            <se:Geometry>
              <ogc:PropertyName>net:centrelineGeometry</ogc:PropertyName>
            </se:Geometry>
          </se:LineSymbolizer>
        </se:Rule>
      </se:FeatureTypeStyle>
    </sld:UserStyle>
  </sld:NamedLayer>
</sld:StyledLayerDescriptor>
