<?xml version='1.0' encoding='UTF-8'?>
<!--
   Source http://inspire.jrc.ec.europa.eu/documents/Data_Specifications/INSPIRE_DataSpecification_TN_v3.1.pdf

   XML is valid against StyledLayerDescriptor.xsd! 

   http://github.com/JuergenWeichand/inspire-styles (2016-09-18 12:48:22)
-->
<!-- FBurkamp: Abstract angepasst und den Kontent der SLD nach dem Abstract ergänzt. (2017-06-01 08:14) -->
<sld:StyledLayerDescriptor xmlns:sld="http://www.opengis.net/sld" xmlns:ogc="http://www.opengis.net/ogc" xmlns:se="http://www.opengis.net/se" xmlns:xlink="http://www.w3.org/1999/xlink" xmlns:xsi="http://www.w3.org/2001/XMLSchema-instance" version="1.1.0" xsi:schemaLocation="http://www.opengis.net/sld http://schemas.opengis.net/sld/1.1.0/StyledLayerDescriptor.xsd">
  <sld:NamedLayer>
    <se:Name>TN.CableTransportNetwork.CablewayLink</se:Name>
	<se:Description>
		<se:Title>Cableway Link</se:Title>
	</se:Description>    
    <sld:UserStyle>
      <se:Name>TN.CableTransportNetwork.CablewayLink.Default</se:Name>
      <sld:IsDefault>1</sld:IsDefault>
      <se:FeatureTypeStyle version="1.1.0" xmlns:tn-c="http://inspire.ec.europa.eu/schemas/tn-c/4.0" xmlns:net="http://inspire.ec.europa.eu/schemas/net/4.0">
        <se:Description>
          <se:Title>Cableway Link Default Style</se:Title>
          <se:Abstract> The geometry is rendered as a solid magenta line with a stroke width of 3 pixel (#B10787). Ends are rounded and have a 2 pixel black casing (#000000).</se:Abstract>
        </se:Description>
        <se:FeatureTypeName>tn-c:CablewayLink</se:FeatureTypeName>
        <se:Rule>
        <se:Description>
          <se:Title>cableway link</se:Title>
        </se:Description>
          <se:LineSymbolizer>
            <se:Geometry>
              <ogc:PropertyName>net:centrelineGeometry</ogc:PropertyName>
            </se:Geometry>
            <se:Stroke>
              <se:SvgParameter name="stroke">#000000</se:SvgParameter>
              <se:SvgParameter name="stroke-width">7</se:SvgParameter>
              <se:SvgParameter name="stroke-linejoin">bevel</se:SvgParameter>
              <se:SvgParameter name="stroke-linecap">round</se:SvgParameter>
            </se:Stroke>
          </se:LineSymbolizer>
          <se:LineSymbolizer>
            <se:Geometry>
              <ogc:PropertyName>net:centrelineGeometry</ogc:PropertyName>
            </se:Geometry>
            <se:Stroke>
              <se:SvgParameter name="stroke">#B10787</se:SvgParameter>
              <se:SvgParameter name="stroke-width">3</se:SvgParameter>
              <se:SvgParameter name="stroke-linejoin">bevel</se:SvgParameter>
              <se:SvgParameter name="stroke-linecap">round</se:SvgParameter>
            </se:Stroke>
          </se:LineSymbolizer>
        </se:Rule>
      </se:FeatureTypeStyle>
    </sld:UserStyle>
  </sld:NamedLayer>
</sld:StyledLayerDescriptor>
