<?xml version='1.0' encoding='UTF-8'?>
<!--
   Source http://inspire.jrc.ec.europa.eu/documents/Data_Specifications/INSPIRE_DataSpecification_TN_v3.1.pdf

   XML is invalid against StyledLayerDescriptor.xsd! 
   Element '{http://www.opengis.net/se}FeatureTypeName': The QName value 'TN:RailwayLink' has no corresponding namespace declaration in scope., line 13 

   http://github.com/JuergenWeichand/inspire-styles (2016-09-18 12:48:22)
-->
<sld:StyledLayerDescriptor xmlns:sld="http://www.opengis.net/sld" xmlns:ogc="http://www.opengis.net/ogc" xmlns:se="http://www.opengis.net/se" xmlns:xlink="http://www.w3.org/1999/xlink" xmlns:xsi="http://www.w3.org/2001/XMLSchema-instance" version="1.1.0" xsi:schemaLocation="http://www.opengis.net/sld http://schemas.opengis.net/sld/1.1.0/StyledLayerDescriptor.xsd">
  <sld:NamedLayer>
    <se:Name>TN.RailTransportNetwork.RailwayLink</se:Name>
	<se:Description>
		<se:Title>Railway Link</se:Title>
	</se:Description>    
    <sld:UserStyle>
      <se:Name>TN.RailTransportNetwork.RailwayLink.Default</se:Name>
      <sld:IsDefault>1</sld:IsDefault>
      <se:FeatureTypeStyle version="1.1.0" xmlns:tn-ra="http://inspire.ec.europa.eu/schemas/tn-ra/4.0" xmlns:net="http://inspire.ec.europa.eu/schemas/net/4.0">
        <se:Description>
          <se:Title>Railway Link Default Style</se:Title>
          <se:Abstract>The geometry is rendered as a solid Black line with a stroke width of 3 pixel (#000000). Ends are rounded and have a 2 pixel black casing (#000000).</se:Abstract>
        </se:Description>
        <se:FeatureTypeName>tn-ra:RailwayLink</se:FeatureTypeName>
        <se:Rule>
          <se:LineSymbolizer>
            <se:Geometry>
              <ogc:PropertyName>net:centrelineGeometry</ogc:PropertyName>
            </se:Geometry>
          </se:LineSymbolizer>
        </se:Rule>
      </se:FeatureTypeStyle>
    </sld:UserStyle>
  </sld:NamedLayer>
</sld:StyledLayerDescriptor>
